,date,lat,lon,temperature
0,1950-01-01 00:00:00+00:00,13.27465530300016,-16.787362000999934,21.723976
0,1950-01-01 00:00:00+00:00,13.30465530300016,-16.787362000999934,22.884361
0,1950-01-01 00:00:00+00:00,13.33465530300016,-16.787362000999934,22.884361
0,1950-01-01 00:00:00+00:00,13.36465530300016,-16.787362000999934,22.96236
0,1950-01-01 00:00:00+00:00,13.094655303000163,-16.757362000999933,22.557959
0,1950-01-01 00:00:00+00:00,13.124655303000164,-16.757362000999933,22.235153
0,1950-01-01 00:00:00+00:00,13.154655303000164,-16.757362000999933,22.471788
0,1950-01-01 00:00:00+00:00,13.184655303000165,-16.757362000999933,22.028824
0,1950-01-01 00:00:00+00:00,13.214655303000162,-16.757362000999933,22.015823
0,1950-01-01 00:00:00+00:00,13.244655303000162,-16.757362000999933,23.382538
0,1950-01-01 00:00:00+00:00,13.27465530300016,-16.757362000999933,22.85186
0,1950-01-01 00:00:00+00:00,13.30465530300016,-16.757362000999933,22.87136
0,1950-01-01 00:00:00+00:00,13.33465530300016,-16.757362000999933,22.86486
0,1950-01-01 00:00:00+00:00,13.36465530300016,-16.757362000999933,22.93636
0,1950-01-01 00:00:00+00:00,13.394655303000158,-16.757362000999933,22.89736
0,1950-01-01 00:00:00+00:00,13.124655303000164,-16.727362000999932,22.55629
0,1950-01-01 00:00:00+00:00,13.154655303000164,-16.727362000999932,22.293653
0,1950-01-01 00:00:00+00:00,13.184655303000165,-16.727362000999932,22.274153
0,1950-01-01 00:00:00+00:00,13.214655303000162,-16.727362000999932,22.215652
0,1950-01-01 00:00:00+00:00,13.244655303000162,-16.727362000999932,23.356539
0,1950-01-01 00:00:00+00:00,13.27465530300016,-16.727362000999932,23.189209
0,1950-01-01 00:00:00+00:00,13.30465530300016,-16.727362000999932,23.156708
0,1950-01-01 00:00:00+00:00,13.33465530300016,-16.727362000999932,23.189209
0,1950-01-01 00:00:00+00:00,13.36465530300016,-16.727362000999932,23.027819
0,1950-01-01 00:00:00+00:00,13.394655303000158,-16.727362000999932,22.995317
0,1950-01-01 00:00:00+00:00,13.424655303000158,-16.727362000999932,22.86824
0,1950-01-01 00:00:00+00:00,13.184655303000165,-16.69736200099993,22.261152
0,1950-01-01 00:00:00+00:00,13.214655303000162,-16.69736200099993,22.222153
0,1950-01-01 00:00:00+00:00,13.244655303000162,-16.69736200099993,23.395538
0,1950-01-01 00:00:00+00:00,13.27465530300016,-16.69736200099993,23.137209
0,1950-01-01 00:00:00+00:00,13.30465530300016,-16.69736200099993,23.169708
0,1950-01-01 00:00:00+00:00,13.33465530300016,-16.69736200099993,23.156708
0,1950-01-01 00:00:00+00:00,13.36465530300016,-16.69736200099993,23.001818
0,1950-01-01 00:00:00+00:00,13.394655303000158,-16.69736200099993,22.988817
0,1950-01-01 00:00:00+00:00,13.424655303000158,-16.69736200099993,23.01543
0,1950-01-01 00:00:00+00:00,13.454655303000155,-16.69736200099993,22.825329
0,1950-01-01 00:00:00+00:00,13.184655303000165,-16.66736200099993,22.332653
0,1950-01-01 00:00:00+00:00,13.214655303000162,-16.66736200099993,22.267653
0,1950-01-01 00:00:00+00:00,13.244655303000162,-16.66736200099993,23.356539
0,1950-01-01 00:00:00+00:00,13.27465530300016,-16.66736200099993,23.150208
0,1950-01-01 00:00:00+00:00,13.30465530300016,-16.66736200099993,23.124208
0,1950-01-01 00:00:00+00:00,13.33465530300016,-16.66736200099993,23.137209
0,1950-01-01 00:00:00+00:00,13.36465530300016,-16.66736200099993,22.988817
0,1950-01-01 00:00:00+00:00,13.394655303000158,-16.66736200099993,22.982317
0,1950-01-01 00:00:00+00:00,13.424655303000158,-16.66736200099993,23.086317
0,1950-01-01 00:00:00+00:00,13.454655303000155,-16.66736200099993,23.381237
0,1950-01-01 00:00:00+00:00,13.484655303000157,-16.66736200099993,23.387737
0,1950-01-01 00:00:00+00:00,13.184655303000165,-16.63736200099993,22.704926
0,1950-01-01 00:00:00+00:00,13.214655303000162,-16.63736200099993,22.665926
0,1950-01-01 00:00:00+00:00,13.244655303000162,-16.63736200099993,23.75481
0,1950-01-01 00:00:00+00:00,13.27465530300016,-16.63736200099993,23.468706
0,1950-01-01 00:00:00+00:00,13.30465530300016,-16.63736200099993,23.501205
0,1950-01-01 00:00:00+00:00,13.33465530300016,-16.63736200099993,23.449205
0,1950-01-01 00:00:00+00:00,13.36465530300016,-16.63736200099993,23.225237
0,1950-01-01 00:00:00+00:00,13.394655303000158,-16.63736200099993,23.368237
0,1950-01-01 00:00:00+00:00,13.424655303000158,-16.63736200099993,23.420237
0,1950-01-01 00:00:00+00:00,13.454655303000155,-16.63736200099993,23.420237
0,1950-01-01 00:00:00+00:00,13.184655303000165,-16.607362000999927,22.678926
0,1950-01-01 00:00:00+00:00,13.214655303000162,-16.607362000999927,22.698425
0,1950-01-01 00:00:00+00:00,13.244655303000162,-16.607362000999927,23.76131
0,1950-01-01 00:00:00+00:00,13.27465530300016,-16.607362000999927,23.449205
0,1950-01-01 00:00:00+00:00,13.30465530300016,-16.607362000999927,23.611706
0,1950-01-01 00:00:00+00:00,13.33465530300016,-16.607362000999927,23.520706
0,1950-01-01 00:00:00+00:00,13.36465530300016,-16.607362000999927,23.322737
0,1950-01-01 00:00:00+00:00,13.394655303000158,-16.607362000999927,23.420237
0,1950-01-01 00:00:00+00:00,13.424655303000158,-16.607362000999927,23.433237
0,1950-01-01 00:00:00+00:00,13.454655303000155,-16.607362000999927,23.407236
0,1950-01-01 00:00:00+00:00,13.184655303000165,-16.577362000999926,22.61107
0,1950-01-01 00:00:00+00:00,13.214655303000162,-16.577362000999926,22.61107
0,1950-01-01 00:00:00+00:00,13.244655303000162,-16.577362000999926,23.755424
0,1950-01-01 00:00:00+00:00,13.27465530300016,-16.577362000999926,23.41082
0,1950-01-01 00:00:00+00:00,13.30465530300016,-16.577362000999926,23.573318
0,1950-01-01 00:00:00+00:00,13.33465530300016,-16.577362000999926,23.59282
0,1950-01-01 00:00:00+00:00,13.36465530300016,-16.577362000999926,23.38185
0,1950-01-01 00:00:00+00:00,13.394655303000158,-16.577362000999926,23.40785
0,1950-01-01 00:00:00+00:00,13.424655303000158,-16.577362000999926,23.30616
0,1950-01-01 00:00:00+00:00,13.454655303000155,-16.577362000999926,23.280159
0,1950-01-01 00:00:00+00:00,13.184655303000165,-16.547362000999925,22.680647
0,1950-01-01 00:00:00+00:00,13.214655303000162,-16.547362000999925,22.674147
0,1950-01-01 00:00:00+00:00,13.244655303000162,-16.547362000999925,23.844501
0,1950-01-01 00:00:00+00:00,13.27465530300016,-16.547362000999925,23.838001
0,1950-01-01 00:00:00+00:00,13.30465530300016,-16.547362000999925,23.40785
0,1950-01-01 00:00:00+00:00,13.33465530300016,-16.547362000999925,23.40785
0,1950-01-01 00:00:00+00:00,13.36465530300016,-16.547362000999925,23.40785
0,1950-01-01 00:00:00+00:00,13.394655303000158,-16.547362000999925,23.40785
0,1950-01-01 00:00:00+00:00,13.424655303000158,-16.547362000999925,23.30616
0,1950-01-01 00:00:00+00:00,13.454655303000155,-16.547362000999925,23.565783
0,1950-01-01 00:00:00+00:00,13.484655303000157,-16.547362000999925,23.552784
0,1950-01-01 00:00:00+00:00,13.184655303000165,-16.517362000999924,22.700146
0,1950-01-01 00:00:00+00:00,13.214655303000162,-16.517362000999924,22.628647
0,1950-01-01 00:00:00+00:00,13.244655303000162,-16.517362000999924,23.792501
0,1950-01-01 00:00:00+00:00,13.27465530300016,-16.517362000999924,23.40785
0,1950-01-01 00:00:00+00:00,13.30465530300016,-16.517362000999924,23.40785
0,1950-01-01 00:00:00+00:00,13.33465530300016,-16.517362000999924,23.40785
0,1950-01-01 00:00:00+00:00,13.36465530300016,-16.517362000999924,23.40785
0,1950-01-01 00:00:00+00:00,13.394655303000158,-16.517362000999924,23.40785
0,1950-01-01 00:00:00+00:00,13.424655303000158,-16.517362000999924,23.30616
0,1950-01-01 00:00:00+00:00,13.454655303000155,-16.517362000999924,23.565783
0,1950-01-01 00:00:00+00:00,13.484655303000157,-16.517362000999924,23.481283
0,1950-01-01 00:00:00+00:00,13.514655303000156,-16.517362000999924,23.539783
0,1950-01-01 00:00:00+00:00,13.544655303000155,-16.517362000999924,23.552784
0,1950-01-01 00:00:00+00:00,13.574655303000156,-16.517362000999924,23.55568
0,1950-01-01 00:00:00+00:00,13.184655303000165,-16.487362000999923,22.654646
0,1950-01-01 00:00:00+00:00,13.214655303000162,-16.487362000999923,22.687147
0,1950-01-01 00:00:00+00:00,13.244655303000162,-16.487362000999923,23.929
0,1950-01-01 00:00:00+00:00,13.27465530300016,-16.487362000999923,23.38185
0,1950-01-01 00:00:00+00:00,13.30465530300016,-16.487362000999923,23.40785
0,1950-01-01 00:00:00+00:00,13.33465530300016,-16.487362000999923,23.40785
0,1950-01-01 00:00:00+00:00,13.36465530300016,-16.487362000999923,23.36235
0,1950-01-01 00:00:00+00:00,13.394655303000158,-16.487362000999923,23.40785
0,1950-01-01 00:00:00+00:00,13.424655303000158,-16.487362000999923,23.30616
0,1950-01-01 00:00:00+00:00,13.454655303000155,-16.487362000999923,23.552784
0,1950-01-01 00:00:00+00:00,13.484655303000157,-16.487362000999923,23.461784
0,1950-01-01 00:00:00+00:00,13.514655303000156,-16.487362000999923,23.429283
0,1950-01-01 00:00:00+00:00,13.544655303000155,-16.487362000999923,23.481283
0,1950-01-01 00:00:00+00:00,13.574655303000156,-16.487362000999923,23.50368
0,1950-01-01 00:00:00+00:00,13.184655303000165,-16.45736200099992,22.667646
0,1950-01-01 00:00:00+00:00,13.214655303000162,-16.45736200099992,22.758646
0,1950-01-01 00:00:00+00:00,13.244655303000162,-16.45736200099992,23.890001
0,1950-01-01 00:00:00+00:00,13.27465530300016,-16.45736200099992,23.40135
0,1950-01-01 00:00:00+00:00,13.30465530300016,-16.45736200099992,23.40785
0,1950-01-01 00:00:00+00:00,13.33465530300016,-16.45736200099992,23.40785
0,1950-01-01 00:00:00+00:00,13.36465530300016,-16.45736200099992,23.49532
0,1950-01-01 00:00:00+00:00,13.394655303000158,-16.45736200099992,23.49532
0,1950-01-01 00:00:00+00:00,13.424655303000158,-16.45736200099992,23.28666
0,1950-01-01 00:00:00+00:00,13.454655303000155,-16.45736200099992,23.507284
0,1950-01-01 00:00:00+00:00,13.484655303000157,-16.45736200099992,23.507284
0,1950-01-01 00:00:00+00:00,13.514655303000156,-16.45736200099992,23.403284
0,1950-01-01 00:00:00+00:00,13.544655303000155,-16.45736200099992,23.435783
0,1950-01-01 00:00:00+00:00,13.574655303000156,-16.45736200099992,23.43218
0,1950-01-01 00:00:00+00:00,13.184655303000165,-16.42736200099992,22.810804
0,1950-01-01 00:00:00+00:00,13.214655303000162,-16.42736200099992,22.869303
0,1950-01-01 00:00:00+00:00,13.244655303000162,-16.42736200099992,24.117659
0,1950-01-01 00:00:00+00:00,13.27465530300016,-16.42736200099992,23.839388
0,1950-01-01 00:00:00+00:00,13.30465530300016,-16.42736200099992,23.839388
0,1950-01-01 00:00:00+00:00,13.33465530300016,-16.42736200099992,23.839388
0,1950-01-01 00:00:00+00:00,13.36465530300016,-16.42736200099992,23.702888
0,1950-01-01 00:00:00+00:00,13.394655303000158,-16.42736200099992,23.741888
0,1950-01-01 00:00:00+00:00,13.424655303000158,-16.42736200099992,23.6792
0,1950-01-01 00:00:00+00:00,13.454655303000155,-16.42736200099992,23.645096
0,1950-01-01 00:00:00+00:00,13.484655303000157,-16.42736200099992,23.619095
0,1950-01-01 00:00:00+00:00,13.514655303000156,-16.42736200099992,23.560595
0,1950-01-01 00:00:00+00:00,13.544655303000155,-16.42736200099992,23.554096
0,1950-01-01 00:00:00+00:00,13.574655303000156,-16.42736200099992,23.578444
0,1950-01-01 00:00:00+00:00,13.184655303000165,-16.39736200099992,22.638115
0,1950-01-01 00:00:00+00:00,13.214655303000162,-16.39736200099992,22.599113
0,1950-01-01 00:00:00+00:00,13.244655303000162,-16.39736200099992,24.119291
0,1950-01-01 00:00:00+00:00,13.27465530300016,-16.39736200099992,23.821522
0,1950-01-01 00:00:00+00:00,13.30465530300016,-16.39736200099992,23.84752
0,1950-01-01 00:00:00+00:00,13.33465530300016,-16.39736200099992,23.79552
0,1950-01-01 00:00:00+00:00,13.36465530300016,-16.39736200099992,23.665522
0,1950-01-01 00:00:00+00:00,13.394655303000158,-16.39736200099992,23.724022
0,1950-01-01 00:00:00+00:00,13.424655303000158,-16.39736200099992,23.580647
0,1950-01-01 00:00:00+00:00,13.454655303000155,-16.39736200099992,23.559544
0,1950-01-01 00:00:00+00:00,13.484655303000157,-16.39736200099992,23.520544
0,1950-01-01 00:00:00+00:00,13.514655303000156,-16.39736200099992,23.585543
0,1950-01-01 00:00:00+00:00,13.544655303000155,-16.39736200099992,23.488043
0,1950-01-01 00:00:00+00:00,13.574655303000156,-16.39736200099992,23.58389
0,1950-01-01 00:00:00+00:00,13.184655303000165,-16.36736200099992,22.547113
0,1950-01-01 00:00:00+00:00,13.214655303000162,-16.36736200099992,22.605614
0,1950-01-01 00:00:00+00:00,13.244655303000162,-16.36736200099992,24.112791
0,1950-01-01 00:00:00+00:00,13.27465530300016,-16.36736200099992,23.84752
0,1950-01-01 00:00:00+00:00,13.30465530300016,-16.36736200099992,23.84752
0,1950-01-01 00:00:00+00:00,13.33465530300016,-16.36736200099992,23.84752
0,1950-01-01 00:00:00+00:00,13.36465530300016,-16.36736200099992,23.626522
0,1950-01-01 00:00:00+00:00,13.394655303000158,-16.36736200099992,23.678522
0,1950-01-01 00:00:00+00:00,13.424655303000158,-16.36736200099992,23.489647
0,1950-01-01 00:00:00+00:00,13.454655303000155,-16.36736200099992,23.566044
0,1950-01-01 00:00:00+00:00,13.484655303000157,-16.36736200099992,23.520544
0,1950-01-01 00:00:00+00:00,13.514655303000156,-16.36736200099992,23.481544
0,1950-01-01 00:00:00+00:00,13.544655303000155,-16.36736200099992,23.527044
0,1950-01-01 00:00:00+00:00,13.574655303000156,-16.36736200099992,23.609892
0,1950-01-01 00:00:00+00:00,13.184655303000165,-16.337362000999917,22.579235
0,1950-01-01 00:00:00+00:00,13.214655303000162,-16.337362000999917,22.702734
0,1950-01-01 00:00:00+00:00,13.244655303000162,-16.337362000999917,24.216412
0,1950-01-01 00:00:00+00:00,13.27465530300016,-16.337362000999917,23.458431
0,1950-01-01 00:00:00+00:00,13.30465530300016,-16.337362000999917,23.49093
0,1950-01-01 00:00:00+00:00,13.33465530300016,-16.337362000999917,23.49093
0,1950-01-01 00:00:00+00:00,13.36465530300016,-16.337362000999917,23.806625
0,1950-01-01 00:00:00+00:00,13.394655303000158,-16.337362000999917,23.793627
0,1950-01-01 00:00:00+00:00,13.424655303000158,-16.337362000999917,23.63075
0,1950-01-01 00:00:00+00:00,13.454655303000155,-16.337362000999917,23.642517
0,1950-01-01 00:00:00+00:00,13.484655303000157,-16.337362000999917,23.623018
0,1950-01-01 00:00:00+00:00,13.514655303000156,-16.337362000999917,23.623018
0,1950-01-01 00:00:00+00:00,13.544655303000155,-16.337362000999917,23.629519
0,1950-01-01 00:00:00+00:00,13.574655303000156,-16.337362000999917,23.642454
0,1950-01-01 00:00:00+00:00,13.184655303000165,-16.307362000999916,22.579235
0,1950-01-01 00:00:00+00:00,13.214655303000162,-16.307362000999916,22.689734
0,1950-01-01 00:00:00+00:00,13.244655303000162,-16.307362000999916,24.13191
0,1950-01-01 00:00:00+00:00,13.27465530300016,-16.307362000999916,23.44543
0,1950-01-01 00:00:00+00:00,13.30465530300016,-16.307362000999916,23.49093
0,1950-01-01 00:00:00+00:00,13.33465530300016,-16.307362000999916,23.49093
0,1950-01-01 00:00:00+00:00,13.36465530300016,-16.307362000999916,23.897625
0,1950-01-01 00:00:00+00:00,13.394655303000158,-16.307362000999916,23.748125
0,1950-01-01 00:00:00+00:00,13.424655303000158,-16.307362000999916,23.66975
0,1950-01-01 00:00:00+00:00,13.454655303000155,-16.307362000999916,23.766018
0,1950-01-01 00:00:00+00:00,13.484655303000157,-16.307362000999916,23.623018
0,1950-01-01 00:00:00+00:00,13.514655303000156,-16.307362000999916,23.629519
0,1950-01-01 00:00:00+00:00,13.544655303000155,-16.307362000999916,23.636019
0,1950-01-01 00:00:00+00:00,13.574655303000156,-16.307362000999916,23.694454
0,1950-01-01 00:00:00+00:00,13.184655303000165,-16.277362000999915,22.598734
0,1950-01-01 00:00:00+00:00,13.214655303000162,-16.277362000999915,22.605234
0,1950-01-01 00:00:00+00:00,13.244655303000162,-16.277362000999915,24.02141
0,1950-01-01 00:00:00+00:00,13.27465530300016,-16.277362000999915,23.48443
0,1950-01-01 00:00:00+00:00,13.30465530300016,-16.277362000999915,23.48443
0,1950-01-01 00:00:00+00:00,13.33465530300016,-16.277362000999915,23.49093
0,1950-01-01 00:00:00+00:00,13.36465530300016,-16.277362000999915,23.904125
0,1950-01-01 00:00:00+00:00,13.394655303000158,-16.277362000999915,23.904125
0,1950-01-01 00:00:00+00:00,13.424655303000158,-16.277362000999915,23.68275
0,1950-01-01 00:00:00+00:00,13.454655303000155,-16.277362000999915,23.688017
0,1950-01-01 00:00:00+00:00,13.484655303000157,-16.277362000999915,23.681519
0,1950-01-01 00:00:00+00:00,13.514655303000156,-16.277362000999915,23.675018
0,1950-01-01 00:00:00+00:00,13.544655303000155,-16.277362000999915,23.668518
0,1950-01-01 00:00:00+00:00,13.574655303000156,-16.277362000999915,23.629454
0,1950-01-01 00:00:00+00:00,13.184655303000165,-16.247362000999914,22.614172
0,1950-01-01 00:00:00+00:00,13.214655303000162,-16.247362000999914,22.601171
0,1950-01-01 00:00:00+00:00,13.244655303000162,-16.247362000999914,24.043348
0,1950-01-01 00:00:00+00:00,13.27465530300016,-16.247362000999914,23.89256
0,1950-01-01 00:00:00+00:00,13.30465530300016,-16.247362000999914,23.970558
0,1950-01-01 00:00:00+00:00,13.33465530300016,-16.247362000999914,23.983559
0,1950-01-01 00:00:00+00:00,13.36465530300016,-16.247362000999914,23.49093
0,1950-01-01 00:00:00+00:00,13.394655303000158,-16.247362000999914,23.47858
0,1950-01-01 00:00:00+00:00,13.424655303000158,-16.247362000999914,23.348206
0,1950-01-01 00:00:00+00:00,13.454655303000155,-16.247362000999914,23.845592
0,1950-01-01 00:00:00+00:00,13.484655303000157,-16.247362000999914,23.806593
0,1950-01-01 00:00:00+00:00,13.514655303000156,-16.247362000999914,23.774094
0,1950-01-01 00:00:00+00:00,13.544655303000155,-16.247362000999914,23.748093
0,1950-01-01 00:00:00+00:00,13.574655303000156,-16.247362000999914,23.619692
0,1950-01-01 00:00:00+00:00,13.184655303000165,-16.217362000999913,23.38514
0,1950-01-01 00:00:00+00:00,13.214655303000162,-16.217362000999913,23.450138
0,1950-01-01 00:00:00+00:00,13.244655303000162,-16.217362000999913,23.459885
0,1950-01-01 00:00:00+00:00,13.27465530300016,-16.217362000999913,23.270094
0,1950-01-01 00:00:00+00:00,13.30465530300016,-16.217362000999913,23.270094
0,1950-01-01 00:00:00+00:00,13.33465530300016,-16.217362000999913,23.276594
0,1950-01-01 00:00:00+00:00,13.36465530300016,-16.217362000999913,22.790466
0,1950-01-01 00:00:00+00:00,13.394655303000158,-16.217362000999913,22.784616
0,1950-01-01 00:00:00+00:00,13.424655303000158,-16.217362000999913,23.377449
0,1950-01-01 00:00:00+00:00,13.454655303000155,-16.217362000999913,23.881336
0,1950-01-01 00:00:00+00:00,13.484655303000157,-16.217362000999913,23.868336
0,1950-01-01 00:00:00+00:00,13.514655303000156,-16.217362000999913,23.796837
0,1950-01-01 00:00:00+00:00,13.544655303000155,-16.217362000999913,23.718836
0,1950-01-01 00:00:00+00:00,13.574655303000156,-16.217362000999913,23.700935
0,1950-01-01 00:00:00+00:00,13.184655303000165,-16.18736200099991,23.398138
0,1950-01-01 00:00:00+00:00,13.214655303000162,-16.18736200099991,23.456638
0,1950-01-01 00:00:00+00:00,13.244655303000162,-16.18736200099991,23.407885
0,1950-01-01 00:00:00+00:00,13.27465530300016,-16.18736200099991,23.270094
0,1950-01-01 00:00:00+00:00,13.30465530300016,-16.18736200099991,23.244093
0,1950-01-01 00:00:00+00:00,13.33465530300016,-16.18736200099991,23.276594
0,1950-01-01 00:00:00+00:00,13.36465530300016,-16.18736200099991,22.770966
0,1950-01-01 00:00:00+00:00,13.394655303000158,-16.18736200099991,22.784616
0,1950-01-01 00:00:00+00:00,13.424655303000158,-16.18736200099991,23.38395
0,1950-01-01 00:00:00+00:00,13.454655303000155,-16.18736200099991,23.887836
0,1950-01-01 00:00:00+00:00,13.484655303000157,-16.18736200099991,23.874836
0,1950-01-01 00:00:00+00:00,13.514655303000156,-16.18736200099991,23.692837
0,1950-01-01 00:00:00+00:00,13.544655303000155,-16.18736200099991,23.660336
0,1950-01-01 00:00:00+00:00,13.574655303000156,-16.18736200099991,23.629435
0,1950-01-01 00:00:00+00:00,13.184655303000165,-16.15736200099991,23.313639
0,1950-01-01 00:00:00+00:00,13.214655303000162,-16.15736200099991,23.39164
0,1950-01-01 00:00:00+00:00,13.244655303000162,-16.15736200099991,23.485884
0,1950-01-01 00:00:00+00:00,13.27465530300016,-16.15736200099991,23.276594
0,1950-01-01 00:00:00+00:00,13.30465530300016,-16.15736200099991,23.205093
0,1950-01-01 00:00:00+00:00,13.33465530300016,-16.15736200099991,23.094593
0,1950-01-01 00:00:00+00:00,13.36465530300016,-16.15736200099991,22.744967
0,1950-01-01 00:00:00+00:00,13.394655303000158,-16.15736200099991,22.648117
0,1950-01-01 00:00:00+00:00,13.424655303000158,-16.15736200099991,23.38395
0,1950-01-01 00:00:00+00:00,13.454655303000155,-16.15736200099991,23.861835
0,1950-01-01 00:00:00+00:00,13.484655303000157,-16.15736200099991,23.881336
0,1950-01-01 00:00:00+00:00,13.514655303000156,-16.15736200099991,23.790337
0,1950-01-01 00:00:00+00:00,13.544655303000155,-16.15736200099991,23.757837
0,1950-01-01 00:00:00+00:00,13.574655303000156,-16.15736200099991,23.661934
0,1950-01-01 00:00:00+00:00,13.184655303000165,-16.12736200099991,23.327831
0,1950-01-01 00:00:00+00:00,13.214655303000162,-16.12736200099991,23.483831
0,1950-01-01 00:00:00+00:00,13.244655303000162,-16.12736200099991,23.454576
0,1950-01-01 00:00:00+00:00,13.27465530300016,-16.12736200099991,23.42046
0,1950-01-01 00:00:00+00:00,13.30465530300016,-16.12736200099991,23.38146
0,1950-01-01 00:00:00+00:00,13.33465530300016,-16.12736200099991,23.205961
0,1950-01-01 00:00:00+00:00,13.36465530300016,-16.12736200099991,23.01858
0,1950-01-01 00:00:00+00:00,13.394655303000158,-16.12736200099991,22.992579
0,1950-01-01 00:00:00+00:00,13.424655303000158,-16.12736200099991,23.754412
0,1950-01-01 00:00:00+00:00,13.454655303000155,-16.12736200099991,23.787338
0,1950-01-01 00:00:00+00:00,13.484655303000157,-16.12736200099991,23.806839
0,1950-01-01 00:00:00+00:00,13.514655303000156,-16.12736200099991,23.806839
0,1950-01-01 00:00:00+00:00,13.544655303000155,-16.12736200099991,23.67034
0,1950-01-01 00:00:00+00:00,13.574655303000156,-16.12736200099991,23.702559
0,1950-01-01 00:00:00+00:00,13.184655303000165,-16.097362000999908,23.334332
0,1950-01-01 00:00:00+00:00,13.214655303000162,-16.097362000999908,23.41233
0,1950-01-01 00:00:00+00:00,13.244655303000162,-16.097362000999908,23.545576
0,1950-01-01 00:00:00+00:00,13.27465530300016,-16.097362000999908,23.42696
0,1950-01-01 00:00:00+00:00,13.30465530300016,-16.097362000999908,23.38146
0,1950-01-01 00:00:00+00:00,13.33465530300016,-16.097362000999908,23.303461
0,1950-01-01 00:00:00+00:00,13.36465530300016,-16.097362000999908,23.005579
0,1950-01-01 00:00:00+00:00,13.394655303000158,-16.097362000999908,23.10958
0,1950-01-01 00:00:00+00:00,13.424655303000158,-16.097362000999908,23.754412
0,1950-01-01 00:00:00+00:00,13.454655303000155,-16.097362000999908,23.800339
0,1950-01-01 00:00:00+00:00,13.484655303000157,-16.097362000999908,23.76784
0,1950-01-01 00:00:00+00:00,13.514655303000156,-16.097362000999908,23.806839
0,1950-01-01 00:00:00+00:00,13.544655303000155,-16.097362000999908,23.806839
0,1950-01-01 00:00:00+00:00,13.574655303000156,-16.097362000999908,23.87156
0,1950-01-01 00:00:00+00:00,13.184655303000165,-16.067362000999907,23.321331
0,1950-01-01 00:00:00+00:00,13.214655303000162,-16.067362000999907,23.34083
0,1950-01-01 00:00:00+00:00,13.244655303000162,-16.067362000999907,23.506577
0,1950-01-01 00:00:00+00:00,13.27465530300016,-16.067362000999907,23.42046
0,1950-01-01 00:00:00+00:00,13.30465530300016,-16.067362000999907,23.26446
0,1950-01-01 00:00:00+00:00,13.33465530300016,-16.067362000999907,23.22546
0,1950-01-01 00:00:00+00:00,13.36465530300016,-16.067362000999907,23.005579
0,1950-01-01 00:00:00+00:00,13.394655303000158,-16.067362000999907,23.155079
0,1950-01-01 00:00:00+00:00,13.424655303000158,-16.067362000999907,23.754412
0,1950-01-01 00:00:00+00:00,13.454655303000155,-16.067362000999907,23.806839
0,1950-01-01 00:00:00+00:00,13.484655303000157,-16.067362000999907,23.774338
0,1950-01-01 00:00:00+00:00,13.514655303000156,-16.067362000999907,23.683338
0,1950-01-01 00:00:00+00:00,13.544655303000155,-16.067362000999907,23.67034
0,1950-01-01 00:00:00+00:00,13.574655303000156,-16.067362000999907,23.715559
0,1950-01-01 00:00:00+00:00,13.184655303000165,-16.037362000999906,23.3522
0,1950-01-01 00:00:00+00:00,13.214655303000162,-16.037362000999906,23.3717
0,1950-01-01 00:00:00+00:00,13.244655303000162,-16.037362000999906,23.472445
0,1950-01-01 00:00:00+00:00,13.27465530300016,-16.037362000999906,23.559471
0,1950-01-01 00:00:00+00:00,13.30465530300016,-16.037362000999906,23.552973
0,1950-01-01 00:00:00+00:00,13.33465530300016,-16.037362000999906,23.474972
0,1950-01-01 00:00:00+00:00,13.36465530300016,-16.037362000999906,23.162657
0,1950-01-01 00:00:00+00:00,13.394655303000158,-16.037362000999906,23.305656
0,1950-01-01 00:00:00+00:00,13.424655303000158,-16.037362000999906,23.930988
0,1950-01-01 00:00:00+00:00,13.454655303000155,-16.037362000999906,23.794699
0,1950-01-01 00:00:00+00:00,13.484655303000157,-16.037362000999906,23.827198
0,1950-01-01 00:00:00+00:00,13.514655303000156,-16.037362000999906,23.820698
0,1950-01-01 00:00:00+00:00,13.544655303000155,-16.037362000999906,23.638699
0,1950-01-01 00:00:00+00:00,13.574655303000156,-16.037362000999906,23.61917
0,1950-01-01 00:00:00+00:00,13.184655303000165,-16.007362000999905,22.80818
0,1950-01-01 00:00:00+00:00,13.214655303000162,-16.007362000999905,22.834179
0,1950-01-01 00:00:00+00:00,13.244655303000162,-16.007362000999905,22.694988
0,1950-01-01 00:00:00+00:00,13.27465530300016,-16.007362000999905,22.775515
0,1950-01-01 00:00:00+00:00,13.30465530300016,-16.007362000999905,22.814516
0,1950-01-01 00:00:00+00:00,13.33465530300016,-16.007362000999905,22.626015
0,1950-01-01 00:00:00+00:00,13.36465530300016,-16.007362000999905,22.385199
0,1950-01-01 00:00:00+00:00,13.394655303000158,-16.007362000999905,22.586699
0,1950-01-01 00:00:00+00:00,13.424655303000158,-16.007362000999905,22.812271
0,1950-01-01 00:00:00+00:00,13.454655303000155,-16.007362000999905,22.695482
0,1950-01-01 00:00:00+00:00,13.484655303000157,-16.007362000999905,22.70198
0,1950-01-01 00:00:00+00:00,13.514655303000156,-16.007362000999905,22.682482
0,1950-01-01 00:00:00+00:00,13.544655303000155,-16.007362000999905,22.519981
0,1950-01-01 00:00:00+00:00,13.574655303000156,-16.007362000999905,22.539452
0,1950-01-01 00:00:00+00:00,13.184655303000165,-15.977362000999904,22.782179
0,1950-01-01 00:00:00+00:00,13.214655303000162,-15.977362000999904,22.82118
0,1950-01-01 00:00:00+00:00,13.244655303000162,-15.977362000999904,22.623487
0,1950-01-01 00:00:00+00:00,13.27465530300016,-15.977362000999904,22.619514
0,1950-01-01 00:00:00+00:00,13.30465530300016,-15.977362000999904,22.821014
0,1950-01-01 00:00:00+00:00,13.33465530300016,-15.977362000999904,22.691015
0,1950-01-01 00:00:00+00:00,13.36465530300016,-15.977362000999904,22.5022
0,1950-01-01 00:00:00+00:00,13.394655303000158,-15.977362000999904,22.4502
0,1950-01-01 00:00:00+00:00,13.424655303000158,-15.977362000999904,22.812271
0,1950-01-01 00:00:00+00:00,13.454655303000155,-15.977362000999904,22.688982
0,1950-01-01 00:00:00+00:00,13.484655303000157,-15.977362000999904,22.695482
0,1950-01-01 00:00:00+00:00,13.514655303000156,-15.977362000999904,22.565481
0,1950-01-01 00:00:00+00:00,13.544655303000155,-15.977362000999904,22.480982
0,1950-01-01 00:00:00+00:00,13.574655303000156,-15.977362000999904,22.513453
0,1950-01-01 00:00:00+00:00,13.184655303000165,-15.947362000999902,22.879477
0,1950-01-01 00:00:00+00:00,13.214655303000162,-15.947362000999902,22.892477
0,1950-01-01 00:00:00+00:00,13.244655303000162,-15.947362000999902,22.740286
0,1950-01-01 00:00:00+00:00,13.27465530300016,-15.947362000999902,22.90083
0,1950-01-01 00:00:00+00:00,13.30465530300016,-15.947362000999902,22.926828
0,1950-01-01 00:00:00+00:00,13.33465530300016,-15.947362000999902,22.725328
0,1950-01-01 00:00:00+00:00,13.36465530300016,-15.947362000999902,22.509598
0,1950-01-01 00:00:00+00:00,13.394655303000158,-15.947362000999902,22.717598
0,1950-01-01 00:00:00+00:00,13.424655303000158,-15.947362000999902,22.89117
0,1950-01-01 00:00:00+00:00,13.454655303000155,-15.947362000999902,22.817663
0,1950-01-01 00:00:00+00:00,13.484655303000157,-15.947362000999902,22.863163
0,1950-01-01 00:00:00+00:00,13.514655303000156,-15.947362000999902,22.733164
0,1950-01-01 00:00:00+00:00,13.544655303000155,-15.947362000999902,22.661663
0,1950-01-01 00:00:00+00:00,13.574655303000156,-15.947362000999902,22.583504
0,1950-01-01 00:00:00+00:00,13.184655303000165,-15.9173620009999,22.924976
0,1950-01-01 00:00:00+00:00,13.214655303000162,-15.9173620009999,22.989977
0,1950-01-01 00:00:00+00:00,13.244655303000162,-15.9173620009999,22.922285
0,1950-01-01 00:00:00+00:00,13.27465530300016,-15.9173620009999,22.926828
0,1950-01-01 00:00:00+00:00,13.30465530300016,-15.9173620009999,22.705828
0,1950-01-01 00:00:00+00:00,13.33465530300016,-15.9173620009999,22.757828
0,1950-01-01 00:00:00+00:00,13.36465530300016,-15.9173620009999,22.548597
0,1950-01-01 00:00:00+00:00,13.394655303000158,-15.9173620009999,22.711098
0,1950-01-01 00:00:00+00:00,13.424655303000158,-15.9173620009999,22.91717
0,1950-01-01 00:00:00+00:00,13.454655303000155,-15.9173620009999,22.850163
0,1950-01-01 00:00:00+00:00,13.484655303000157,-15.9173620009999,22.863163
0,1950-01-01 00:00:00+00:00,13.514655303000156,-15.9173620009999,22.863163
0,1950-01-01 00:00:00+00:00,13.544655303000155,-15.9173620009999,22.752663
0,1950-01-01 00:00:00+00:00,13.574655303000156,-15.9173620009999,22.570503
0,1950-01-01 00:00:00+00:00,13.184655303000165,-15.8873620009999,22.879477
0,1950-01-01 00:00:00+00:00,13.214655303000162,-15.8873620009999,22.911978
0,1950-01-01 00:00:00+00:00,13.244655303000162,-15.8873620009999,22.870285
0,1950-01-01 00:00:00+00:00,13.27465530300016,-15.8873620009999,22.868328
0,1950-01-01 00:00:00+00:00,13.30465530300016,-15.8873620009999,22.855328
0,1950-01-01 00:00:00+00:00,13.33465530300016,-15.8873620009999,22.75133
0,1950-01-01 00:00:00+00:00,13.36465530300016,-15.8873620009999,22.542099
0,1950-01-01 00:00:00+00:00,13.394655303000158,-15.8873620009999,22.717598
0,1950-01-01 00:00:00+00:00,13.424655303000158,-15.8873620009999,22.76767
0,1950-01-01 00:00:00+00:00,13.454655303000155,-15.8873620009999,22.869663
0,1950-01-01 00:00:00+00:00,13.484655303000157,-15.8873620009999,22.850163
0,1950-01-01 00:00:00+00:00,13.514655303000156,-15.8873620009999,22.863163
0,1950-01-01 00:00:00+00:00,13.544655303000155,-15.8873620009999,22.863163
0,1950-01-01 00:00:00+00:00,13.574655303000156,-15.8873620009999,22.622503
0,1950-01-01 00:00:00+00:00,13.184655303000165,-15.8573620009999,22.905478
0,1950-01-01 00:00:00+00:00,13.214655303000162,-15.8573620009999,22.937977
0,1950-01-01 00:00:00+00:00,13.244655303000162,-15.8573620009999,22.863785
0,1950-01-01 00:00:00+00:00,13.27465530300016,-15.8573620009999,22.926828
0,1950-01-01 00:00:00+00:00,13.30465530300016,-15.8573620009999,22.738329
0,1950-01-01 00:00:00+00:00,13.33465530300016,-15.8573620009999,22.712328
0,1950-01-01 00:00:00+00:00,13.36465530300016,-15.8573620009999,22.535599
0,1950-01-01 00:00:00+00:00,13.394655303000158,-15.8573620009999,22.613598
0,1950-01-01 00:00:00+00:00,13.424655303000158,-15.8573620009999,22.71567
0,1950-01-01 00:00:00+00:00,13.454655303000155,-15.8573620009999,22.869663
0,1950-01-01 00:00:00+00:00,13.484655303000157,-15.8573620009999,22.843664
0,1950-01-01 00:00:00+00:00,13.514655303000156,-15.8573620009999,22.863163
0,1950-01-01 00:00:00+00:00,13.544655303000155,-15.8573620009999,22.863163
0,1950-01-01 00:00:00+00:00,13.574655303000156,-15.8573620009999,22.635504
0,1950-01-01 00:00:00+00:00,13.184655303000165,-15.827362000999898,22.74971
0,1950-01-01 00:00:00+00:00,13.214655303000162,-15.827362000999898,22.78871
0,1950-01-01 00:00:00+00:00,13.244655303000162,-15.827362000999898,22.695578
0,1950-01-01 00:00:00+00:00,13.27465530300016,-15.827362000999898,22.704016
0,1950-01-01 00:00:00+00:00,13.30465530300016,-15.827362000999898,22.619514
0,1950-01-01 00:00:00+00:00,13.33465530300016,-15.827362000999898,22.639015
0,1950-01-01 00:00:00+00:00,13.36465530300016,-15.827362000999898,22.538055
0,1950-01-01 00:00:00+00:00,13.394655303000158,-15.827362000999898,22.512056
0,1950-01-01 00:00:00+00:00,13.424655303000158,-15.827362000999898,22.783722
0,1950-01-01 00:00:00+00:00,13.454655303000155,-15.827362000999898,22.75743
0,1950-01-01 00:00:00+00:00,13.484655303000157,-15.827362000999898,22.74443
0,1950-01-01 00:00:00+00:00,13.514655303000156,-15.827362000999898,22.73143
0,1950-01-01 00:00:00+00:00,13.544655303000155,-15.827362000999898,22.72493
0,1950-01-01 00:00:00+00:00,13.574655303000156,-15.827362000999898,22.31253
0,1950-01-01 00:00:00+00:00,13.36465530300016,-15.797362000999897,22.557556
0,1950-01-01 00:00:00+00:00,13.394655303000158,-15.797362000999897,22.538055
0,1950-01-01 00:00:00+00:00,13.424655303000158,-15.797362000999897,22.790222
0,1950-01-01 00:00:00+00:00,13.454655303000155,-15.797362000999897,22.75743
0,1950-01-01 00:00:00+00:00,13.484655303000157,-15.797362000999897,22.75093
0,1950-01-01 00:00:00+00:00,13.514655303000156,-15.797362000999897,22.74443
0,1950-01-01 00:00:00+00:00,13.544655303000155,-15.797362000999897,22.65993
0,1950-01-01 00:00:00+00:00,13.574655303000156,-15.797362000999897,22.397032
0,1950-01-01 00:00:00+00:00,13.36465530300016,-15.767362000999896,22.518555
0,1950-01-01 00:00:00+00:00,13.394655303000158,-15.767362000999896,22.564056
0,1950-01-01 00:00:00+00:00,13.424655303000158,-15.767362000999896,22.770721
0,1950-01-01 00:00:00+00:00,13.454655303000155,-15.767362000999896,22.75743
0,1950-01-01 00:00:00+00:00,13.484655303000157,-15.767362000999896,22.75093
0,1950-01-01 00:00:00+00:00,13.514655303000156,-15.767362000999896,22.75093
0,1950-01-01 00:00:00+00:00,13.544655303000155,-15.767362000999896,22.75093
0,1950-01-01 00:00:00+00:00,13.574655303000156,-15.767362000999896,22.501032
0,1950-01-01 00:00:00+00:00,13.36465530300016,-15.737362000999894,22.521267
0,1950-01-01 00:00:00+00:00,13.394655303000158,-15.737362000999894,22.501766
0,1950-01-01 00:00:00+00:00,13.424655303000158,-15.737362000999894,22.831932
0,1950-01-01 00:00:00+00:00,13.454655303000155,-15.737362000999894,22.592896
0,1950-01-01 00:00:00+00:00,13.484655303000157,-15.737362000999894,22.586395
0,1950-01-01 00:00:00+00:00,13.514655303000156,-15.737362000999894,22.404396
0,1950-01-01 00:00:00+00:00,13.544655303000155,-15.737362000999894,22.475897
0,1950-01-01 00:00:00+00:00,13.574655303000156,-15.737362000999894,22.455479
0,1950-01-01 00:00:00+00:00,13.36465530300016,-15.707362000999892,22.495266
0,1950-01-01 00:00:00+00:00,13.394655303000158,-15.707362000999892,22.508266
0,1950-01-01 00:00:00+00:00,13.424655303000158,-15.707362000999892,22.714931
0,1950-01-01 00:00:00+00:00,13.454655303000155,-15.707362000999892,22.566896
0,1950-01-01 00:00:00+00:00,13.484655303000157,-15.707362000999892,22.592896
0,1950-01-01 00:00:00+00:00,13.514655303000156,-15.707362000999892,22.586395
0,1950-01-01 00:00:00+00:00,13.544655303000155,-15.707362000999892,22.397896
0,1950-01-01 00:00:00+00:00,13.574655303000156,-15.707362000999892,22.351479
0,1950-01-01 00:00:00+00:00,13.394655303000158,-15.677362000999892,22.670767
0,1950-01-01 00:00:00+00:00,13.424655303000158,-15.677362000999892,22.831932
0,1950-01-01 00:00:00+00:00,13.454655303000155,-15.677362000999892,22.579897
0,1950-01-01 00:00:00+00:00,13.484655303000157,-15.677362000999892,22.592896
0,1950-01-01 00:00:00+00:00,13.514655303000156,-15.677362000999892,22.560396
0,1950-01-01 00:00:00+00:00,13.544655303000155,-15.677362000999892,22.423897
0,1950-01-01 00:00:00+00:00,13.574655303000156,-15.677362000999892,22.338478
0,1950-01-01 00:00:00+00:00,13.36465530300016,-15.647362000999893,22.641588
0,1950-01-01 00:00:00+00:00,13.394655303000158,-15.647362000999893,22.758589
0,1950-01-01 00:00:00+00:00,13.424655303000158,-15.647362000999893,22.950298
0,1950-01-01 00:00:00+00:00,13.454655303000155,-15.647362000999893,22.754692
0,1950-01-01 00:00:00+00:00,13.484655303000157,-15.647362000999893,22.774193
0,1950-01-01 00:00:00+00:00,13.514655303000156,-15.647362000999893,22.754692
0,1950-01-01 00:00:00+00:00,13.544655303000155,-15.647362000999893,22.579193
0,1950-01-01 00:00:00+00:00,13.574655303000156,-15.647362000999893,22.611486
0,1950-01-01 00:00:00+00:00,13.36465530300016,-15.61736200099989,22.609089
0,1950-01-01 00:00:00+00:00,13.394655303000158,-15.61736200099989,22.641588
0,1950-01-01 00:00:00+00:00,13.424655303000158,-15.61736200099989,23.0413
0,1950-01-01 00:00:00+00:00,13.454655303000155,-15.61736200099989,22.774193
0,1950-01-01 00:00:00+00:00,13.484655303000157,-15.61736200099989,22.767693
0,1950-01-01 00:00:00+00:00,13.514655303000156,-15.61736200099989,22.624693
0,1950-01-01 00:00:00+00:00,13.544655303000155,-15.61736200099989,22.644192
0,1950-01-01 00:00:00+00:00,13.574655303000156,-15.61736200099989,22.708986
0,1950-01-01 00:00:00+00:00,13.36465530300016,-15.587362000999889,22.602589
0,1950-01-01 00:00:00+00:00,13.394655303000158,-15.587362000999889,22.706589
0,1950-01-01 00:00:00+00:00,13.424655303000158,-15.587362000999889,22.969799
0,1950-01-01 00:00:00+00:00,13.454655303000155,-15.587362000999889,22.761192
0,1950-01-01 00:00:00+00:00,13.484655303000157,-15.587362000999889,22.774193
0,1950-01-01 00:00:00+00:00,13.514655303000156,-15.587362000999889,22.754692
0,1950-01-01 00:00:00+00:00,13.544655303000155,-15.587362000999889,22.754692
0,1950-01-01 00:00:00+00:00,13.574655303000156,-15.587362000999889,22.793486
0,1950-01-01 00:00:00+00:00,13.36465530300016,-15.557362000999888,22.62859
0,1950-01-01 00:00:00+00:00,13.394655303000158,-15.557362000999888,22.758589
0,1950-01-01 00:00:00+00:00,13.424655303000158,-15.557362000999888,22.917799
0,1950-01-01 00:00:00+00:00,13.454655303000155,-15.557362000999888,22.767693
0,1950-01-01 00:00:00+00:00,13.484655303000157,-15.557362000999888,22.728693
0,1950-01-01 00:00:00+00:00,13.514655303000156,-15.557362000999888,22.728693
0,1950-01-01 00:00:00+00:00,13.544655303000155,-15.557362000999888,22.767693
0,1950-01-01 00:00:00+00:00,13.574655303000156,-15.557362000999888,22.825987
0,1950-01-01 00:00:00+00:00,13.394655303000158,-15.527362000999888,22.762161
0,1950-01-01 00:00:00+00:00,13.424655303000158,-15.527362000999888,22.92787
0,1950-01-01 00:00:00+00:00,13.454655303000155,-15.527362000999888,22.908522
0,1950-01-01 00:00:00+00:00,13.484655303000157,-15.527362000999888,23.03852
0,1950-01-01 00:00:00+00:00,13.514655303000156,-15.527362000999888,23.045021
0,1950-01-01 00:00:00+00:00,13.544655303000155,-15.527362000999888,22.941021
0,1950-01-01 00:00:00+00:00,13.574655303000156,-15.527362000999888,22.74403
0,1950-01-01 00:00:00+00:00,13.394655303000158,-15.497362000999884,22.69716
0,1950-01-01 00:00:00+00:00,13.424655303000158,-15.497362000999884,22.862871
0,1950-01-01 00:00:00+00:00,13.454655303000155,-15.497362000999884,23.03852
0,1950-01-01 00:00:00+00:00,13.484655303000157,-15.497362000999884,23.045021
0,1950-01-01 00:00:00+00:00,13.514655303000156,-15.497362000999884,22.947521
0,1950-01-01 00:00:00+00:00,13.544655303000155,-15.497362000999884,22.82402
0,1950-01-01 00:00:00+00:00,13.574655303000156,-15.497362000999884,22.78303
0,1950-01-01 00:00:00+00:00,13.394655303000158,-15.467362000999884,22.922195
0,1950-01-01 00:00:00+00:00,13.424655303000158,-15.467362000999884,23.075619
0,1950-01-01 00:00:00+00:00,13.454655303000155,-15.467362000999884,23.036768
0,1950-01-01 00:00:00+00:00,13.484655303000157,-15.467362000999884,23.205769
0,1950-01-01 00:00:00+00:00,13.514655303000156,-15.467362000999884,23.205769
0,1950-01-01 00:00:00+00:00,13.544655303000155,-15.467362000999884,23.030268
0,1950-01-01 00:00:00+00:00,13.574655303000156,-15.467362000999884,22.924278
0,1950-01-01 00:00:00+00:00,13.604655303000154,-15.467362000999884,23.182558
0,1950-01-01 00:00:00+00:00,13.394655303000158,-15.437362000999885,22.91616
0,1950-01-01 00:00:00+00:00,13.424655303000158,-15.437362000999885,23.199583
0,1950-01-01 00:00:00+00:00,13.454655303000155,-15.437362000999885,23.325014
0,1950-01-01 00:00:00+00:00,13.484655303000157,-15.437362000999885,23.338015
0,1950-01-01 00:00:00+00:00,13.514655303000156,-15.437362000999885,23.331514
0,1950-01-01 00:00:00+00:00,13.544655303000155,-15.437362000999885,23.292515
0,1950-01-01 00:00:00+00:00,13.574655303000156,-15.437362000999885,23.14149
0,1950-01-01 00:00:00+00:00,13.604655303000154,-15.437362000999885,23.38027
0,1950-01-01 00:00:00+00:00,13.634655303000152,-15.437362000999885,23.33477
0,1950-01-01 00:00:00+00:00,13.664655303000153,-15.437362000999885,23.234667
0,1950-01-01 00:00:00+00:00,13.694655303000152,-15.437362000999885,23.228167
0,1950-01-01 00:00:00+00:00,13.394655303000158,-15.407362000999882,22.92266
0,1950-01-01 00:00:00+00:00,13.424655303000158,-15.407362000999882,23.284082
0,1950-01-01 00:00:00+00:00,13.454655303000155,-15.407362000999882,23.338015
0,1950-01-01 00:00:00+00:00,13.484655303000157,-15.407362000999882,23.331514
0,1950-01-01 00:00:00+00:00,13.514655303000156,-15.407362000999882,23.247015
0,1950-01-01 00:00:00+00:00,13.544655303000155,-15.407362000999882,23.273014
0,1950-01-01 00:00:00+00:00,13.574655303000156,-15.407362000999882,23.160992
0,1950-01-01 00:00:00+00:00,13.604655303000154,-15.407362000999882,23.58177
0,1950-01-01 00:00:00+00:00,13.634655303000152,-15.407362000999882,23.32827
0,1950-01-01 00:00:00+00:00,13.664655303000153,-15.407362000999882,23.449167
0,1950-01-01 00:00:00+00:00,13.694655303000152,-15.407362000999882,23.234667
0,1950-01-01 00:00:00+00:00,13.724655303000151,-15.407362000999882,23.221666
0,1950-01-01 00:00:00+00:00,13.36465530300016,-15.37736200099988,22.86416
0,1950-01-01 00:00:00+00:00,13.394655303000158,-15.37736200099988,23.078661
0,1950-01-01 00:00:00+00:00,13.424655303000158,-15.37736200099988,23.290583
0,1950-01-01 00:00:00+00:00,13.454655303000155,-15.37736200099988,23.305513
0,1950-01-01 00:00:00+00:00,13.484655303000157,-15.37736200099988,23.195015
0,1950-01-01 00:00:00+00:00,13.514655303000156,-15.37736200099988,23.331514
0,1950-01-01 00:00:00+00:00,13.544655303000155,-15.37736200099988,23.331514
0,1950-01-01 00:00:00+00:00,13.574655303000156,-15.37736200099988,23.251991
0,1950-01-01 00:00:00+00:00,13.604655303000154,-15.37736200099988,23.60777
0,1950-01-01 00:00:00+00:00,13.634655303000152,-15.37736200099988,23.60777
0,1950-01-01 00:00:00+00:00,13.664655303000153,-15.37736200099988,23.449167
0,1950-01-01 00:00:00+00:00,13.694655303000152,-15.37736200099988,23.332167
0,1950-01-01 00:00:00+00:00,13.724655303000151,-15.37736200099988,23.429667
0,1950-01-01 00:00:00+00:00,13.75465530300015,-15.37736200099988,23.269098
0,1950-01-01 00:00:00+00:00,13.36465530300016,-15.34736200099988,22.97402
0,1950-01-01 00:00:00+00:00,13.394655303000158,-15.34736200099988,22.97402
0,1950-01-01 00:00:00+00:00,13.424655303000158,-15.34736200099988,23.400442
0,1950-01-01 00:00:00+00:00,13.454655303000155,-15.34736200099988,23.41079
0,1950-01-01 00:00:00+00:00,13.484655303000157,-15.34736200099988,23.41729
0,1950-01-01 00:00:00+00:00,13.514655303000156,-15.34736200099988,23.48879
0,1950-01-01 00:00:00+00:00,13.544655303000155,-15.34736200099988,23.35229
0,1950-01-01 00:00:00+00:00,13.574655303000156,-15.34736200099988,23.445637
0,1950-01-01 00:00:00+00:00,13.604655303000154,-15.34736200099988,23.755917
0,1950-01-01 00:00:00+00:00,13.634655303000152,-15.34736200099988,23.755917
0,1950-01-01 00:00:00+00:00,13.664655303000153,-15.34736200099988,23.67116
0,1950-01-01 00:00:00+00:00,13.694655303000152,-15.34736200099988,23.67116
0,1950-01-01 00:00:00+00:00,13.724655303000151,-15.34736200099988,23.43066
0,1950-01-01 00:00:00+00:00,13.75465530300015,-15.34736200099988,23.47495
0,1950-01-01 00:00:00+00:00,13.36465530300016,-15.31736200099988,23.01952
0,1950-01-01 00:00:00+00:00,13.394655303000158,-15.31736200099988,22.98052
0,1950-01-01 00:00:00+00:00,13.424655303000158,-15.31736200099988,23.432943
0,1950-01-01 00:00:00+00:00,13.454655303000155,-15.31736200099988,23.43029
0,1950-01-01 00:00:00+00:00,13.484655303000157,-15.31736200099988,23.44979
0,1950-01-01 00:00:00+00:00,13.514655303000156,-15.31736200099988,23.48229
0,1950-01-01 00:00:00+00:00,13.544655303000155,-15.31736200099988,23.43679
0,1950-01-01 00:00:00+00:00,13.574655303000156,-15.31736200099988,23.289637
0,1950-01-01 00:00:00+00:00,13.604655303000154,-15.31736200099988,23.729918
0,1950-01-01 00:00:00+00:00,13.634655303000152,-15.31736200099988,23.651917
0,1950-01-01 00:00:00+00:00,13.664655303000153,-15.31736200099988,23.67116
0,1950-01-01 00:00:00+00:00,13.694655303000152,-15.31736200099988,23.67116
0,1950-01-01 00:00:00+00:00,13.724655303000151,-15.31736200099988,23.45666
0,1950-01-01 00:00:00+00:00,13.75465530300015,-15.31736200099988,23.403452
0,1950-01-01 00:00:00+00:00,13.78465530300015,-15.31736200099988,23.461731
0,1950-01-01 00:00:00+00:00,13.394655303000158,-15.287362000999876,23.18852
0,1950-01-01 00:00:00+00:00,13.424655303000158,-15.287362000999876,23.432943
0,1950-01-01 00:00:00+00:00,13.454655303000155,-15.287362000999876,23.48229
0,1950-01-01 00:00:00+00:00,13.484655303000157,-15.287362000999876,23.48229
0,1950-01-01 00:00:00+00:00,13.514655303000156,-15.287362000999876,23.48229
0,1950-01-01 00:00:00+00:00,13.544655303000155,-15.287362000999876,23.43679
0,1950-01-01 00:00:00+00:00,13.574655303000156,-15.287362000999876,23.244137
0,1950-01-01 00:00:00+00:00,13.604655303000154,-15.287362000999876,23.677917
0,1950-01-01 00:00:00+00:00,13.634655303000152,-15.287362000999876,23.677917
0,1950-01-01 00:00:00+00:00,13.664655303000153,-15.287362000999876,23.65816
0,1950-01-01 00:00:00+00:00,13.694655303000152,-15.287362000999876,23.67766
0,1950-01-01 00:00:00+00:00,13.724655303000151,-15.287362000999876,23.41116
0,1950-01-01 00:00:00+00:00,13.75465530300015,-15.287362000999876,23.409952
0,1950-01-01 00:00:00+00:00,13.394655303000158,-15.257362000999876,23.121532
0,1950-01-01 00:00:00+00:00,13.424655303000158,-15.257362000999876,23.222204
0,1950-01-01 00:00:00+00:00,13.454655303000155,-15.257362000999876,23.278051
0,1950-01-01 00:00:00+00:00,13.484655303000157,-15.257362000999876,23.473051
0,1950-01-01 00:00:00+00:00,13.514655303000156,-15.257362000999876,23.551052
0,1950-01-01 00:00:00+00:00,13.544655303000155,-15.257362000999876,23.51855
0,1950-01-01 00:00:00+00:00,13.574655303000156,-15.257362000999876,23.241398
0,1950-01-01 00:00:00+00:00,13.604655303000154,-15.257362000999876,23.492777
0,1950-01-01 00:00:00+00:00,13.634655303000152,-15.257362000999876,23.707277
0,1950-01-01 00:00:00+00:00,13.664655303000153,-15.257362000999876,23.62252
0,1950-01-01 00:00:00+00:00,13.694655303000152,-15.257362000999876,23.54452
0,1950-01-01 00:00:00+00:00,13.724655303000151,-15.257362000999876,23.35602
0,1950-01-01 00:00:00+00:00,13.75465530300015,-15.257362000999876,23.413311
0,1950-01-01 00:00:00+00:00,13.424655303000158,-15.227362000999875,23.4369
0,1950-01-01 00:00:00+00:00,13.454655303000155,-15.227362000999875,23.449724
0,1950-01-01 00:00:00+00:00,13.484655303000157,-15.227362000999875,23.488724
0,1950-01-01 00:00:00+00:00,13.514655303000156,-15.227362000999875,23.488724
0,1950-01-01 00:00:00+00:00,13.544655303000155,-15.227362000999875,23.599224
0,1950-01-01 00:00:00+00:00,13.574655303000156,-15.227362000999875,23.469872
0,1950-01-01 00:00:00+00:00,13.604655303000154,-15.227362000999875,23.79275
0,1950-01-01 00:00:00+00:00,13.634655303000152,-15.227362000999875,23.82525
0,1950-01-01 00:00:00+00:00,13.664655303000153,-15.227362000999875,23.785622
0,1950-01-01 00:00:00+00:00,13.694655303000152,-15.227362000999875,23.623123
0,1950-01-01 00:00:00+00:00,13.724655303000151,-15.227362000999875,23.577623
0,1950-01-01 00:00:00+00:00,13.544655303000155,-15.197362000999874,23.599224
0,1950-01-01 00:00:00+00:00,13.574655303000156,-15.197362000999874,23.528372
0,1950-01-01 00:00:00+00:00,13.604655303000154,-15.197362000999874,23.75375
0,1950-01-01 00:00:00+00:00,13.634655303000152,-15.197362000999874,23.83175
0,1950-01-01 00:00:00+00:00,13.664655303000153,-15.197362000999874,23.798622
0,1950-01-01 00:00:00+00:00,13.694655303000152,-15.197362000999874,23.766123
0,1950-01-01 00:00:00+00:00,13.724655303000151,-15.197362000999874,23.753122
0,1950-01-01 00:00:00+00:00,13.75465530300015,-15.197362000999874,23.566122
0,1950-01-01 00:00:00+00:00,13.574655303000156,-15.167362000999873,23.463371
0,1950-01-01 00:00:00+00:00,13.604655303000154,-15.167362000999873,23.77975
0,1950-01-01 00:00:00+00:00,13.634655303000152,-15.167362000999873,23.83825
0,1950-01-01 00:00:00+00:00,13.664655303000153,-15.167362000999873,23.798622
0,1950-01-01 00:00:00+00:00,13.694655303000152,-15.167362000999873,23.779123
0,1950-01-01 00:00:00+00:00,13.724655303000151,-15.167362000999873,23.779123
0,1950-01-01 00:00:00+00:00,13.75465530300015,-15.167362000999873,23.689621
0,1950-01-01 00:00:00+00:00,13.604655303000154,-15.137362000999872,23.814558
0,1950-01-01 00:00:00+00:00,13.634655303000152,-15.137362000999872,23.847057
0,1950-01-01 00:00:00+00:00,13.664655303000153,-15.137362000999872,23.888012
0,1950-01-01 00:00:00+00:00,13.694655303000152,-15.137362000999872,23.888012
0,1950-01-01 00:00:00+00:00,13.724655303000151,-15.137362000999872,23.836012
0,1950-01-01 00:00:00+00:00,13.75465530300015,-15.137362000999872,23.849577
0,1950-01-01 00:00:00+00:00,13.78465530300015,-15.137362000999872,23.906713
0,1950-01-01 00:00:00+00:00,13.604655303000154,-15.10736200099987,23.769056
0,1950-01-01 00:00:00+00:00,13.634655303000152,-15.10736200099987,23.814558
0,1950-01-01 00:00:00+00:00,13.664655303000153,-15.10736200099987,23.823013
0,1950-01-01 00:00:00+00:00,13.694655303000152,-15.10736200099987,23.888012
0,1950-01-01 00:00:00+00:00,13.724655303000151,-15.10736200099987,23.855513
0,1950-01-01 00:00:00+00:00,13.75465530300015,-15.10736200099987,23.862577
0,1950-01-01 00:00:00+00:00,13.78465530300015,-15.10736200099987,23.770212
0,1950-01-01 00:00:00+00:00,13.574655303000156,-15.07736200099987,23.409903
0,1950-01-01 00:00:00+00:00,13.604655303000154,-15.07736200099987,23.538553
0,1950-01-01 00:00:00+00:00,13.634655303000152,-15.07736200099987,23.701054
0,1950-01-01 00:00:00+00:00,13.664655303000153,-15.07736200099987,23.781008
0,1950-01-01 00:00:00+00:00,13.694655303000152,-15.07736200099987,23.826508
0,1950-01-01 00:00:00+00:00,13.724655303000151,-15.07736200099987,23.813509
0,1950-01-01 00:00:00+00:00,13.75465530300015,-15.07736200099987,23.781572
0,1950-01-01 00:00:00+00:00,13.78465530300015,-15.07736200099987,23.71517
0,1950-01-01 00:00:00+00:00,13.81465530300015,-15.07736200099987,23.57867
0,1950-01-01 00:00:00+00:00,13.544655303000155,-15.047362000999868,23.426323
0,1950-01-01 00:00:00+00:00,13.574655303000156,-15.047362000999868,23.490786
0,1950-01-01 00:00:00+00:00,13.604655303000154,-15.047362000999868,23.755936
0,1950-01-01 00:00:00+00:00,13.634655303000152,-15.047362000999868,23.801435
0,1950-01-01 00:00:00+00:00,13.664655303000153,-15.047362000999868,23.86863
0,1950-01-01 00:00:00+00:00,13.694655303000152,-15.047362000999868,23.93363
0,1950-01-01 00:00:00+00:00,13.724655303000151,-15.047362000999868,23.93363
0,1950-01-01 00:00:00+00:00,13.75465530300015,-15.047362000999868,23.809902
0,1950-01-01 00:00:00+00:00,13.78465530300015,-15.047362000999868,23.964499
0,1950-01-01 00:00:00+00:00,13.81465530300015,-15.047362000999868,23.7955
0,1950-01-01 00:00:00+00:00,13.514655303000156,-15.017362000999867,23.504322
0,1950-01-01 00:00:00+00:00,13.544655303000155,-15.017362000999867,23.536823
0,1950-01-01 00:00:00+00:00,13.574655303000156,-15.017362000999867,23.458286
0,1950-01-01 00:00:00+00:00,13.604655303000154,-15.017362000999867,23.664936
0,1950-01-01 00:00:00+00:00,13.634655303000152,-15.017362000999867,23.768936
0,1950-01-01 00:00:00+00:00,13.664655303000153,-15.017362000999867,23.81663
0,1950-01-01 00:00:00+00:00,13.694655303000152,-15.017362000999867,23.91413
0,1950-01-01 00:00:00+00:00,13.724655303000151,-15.017362000999867,23.88163
0,1950-01-01 00:00:00+00:00,13.75465530300015,-15.017362000999867,23.874903
0,1950-01-01 00:00:00+00:00,13.78465530300015,-15.017362000999867,23.984
0,1950-01-01 00:00:00+00:00,13.514655303000156,-14.987362000999866,23.413322
0,1950-01-01 00:00:00+00:00,13.544655303000155,-14.987362000999866,23.426323
0,1950-01-01 00:00:00+00:00,13.574655303000156,-14.987362000999866,23.737785
0,1950-01-01 00:00:00+00:00,13.604655303000154,-14.987362000999866,23.853436
0,1950-01-01 00:00:00+00:00,13.634655303000152,-14.987362000999866,23.632437
0,1950-01-01 00:00:00+00:00,13.664655303000153,-14.987362000999866,23.907629
0,1950-01-01 00:00:00+00:00,13.694655303000152,-14.987362000999866,23.93363
0,1950-01-01 00:00:00+00:00,13.724655303000151,-14.987362000999866,23.84263
0,1950-01-01 00:00:00+00:00,13.75465530300015,-14.987362000999866,23.751402
0,1950-01-01 00:00:00+00:00,13.78465530300015,-14.987362000999866,23.925499
0,1950-01-01 00:00:00+00:00,13.484655303000157,-14.957362000999863,23.465322
0,1950-01-01 00:00:00+00:00,13.514655303000156,-14.957362000999863,23.458822
0,1950-01-01 00:00:00+00:00,13.544655303000155,-14.957362000999863,23.699324
0,1950-01-01 00:00:00+00:00,13.574655303000156,-14.957362000999863,23.757286
0,1950-01-01 00:00:00+00:00,13.604655303000154,-14.957362000999863,23.846937
0,1950-01-01 00:00:00+00:00,13.634655303000152,-14.957362000999863,23.879436
0,1950-01-01 00:00:00+00:00,13.664655303000153,-14.957362000999863,23.86863
0,1950-01-01 00:00:00+00:00,13.694655303000152,-14.957362000999863,23.89463
0,1950-01-01 00:00:00+00:00,13.724655303000151,-14.957362000999863,23.81663
0,1950-01-01 00:00:00+00:00,13.75465530300015,-14.957362000999863,23.738401
0,1950-01-01 00:00:00+00:00,13.78465530300015,-14.957362000999863,23.853998
0,1950-01-01 00:00:00+00:00,13.484655303000157,-14.927362000999864,23.714788
0,1950-01-01 00:00:00+00:00,13.514655303000156,-14.927362000999864,23.70829
0,1950-01-01 00:00:00+00:00,13.544655303000155,-14.927362000999864,23.75379
0,1950-01-01 00:00:00+00:00,13.574655303000156,-14.927362000999864,23.861723
0,1950-01-01 00:00:00+00:00,13.604655303000154,-14.927362000999864,23.905874
0,1950-01-01 00:00:00+00:00,13.634655303000152,-14.927362000999864,24.003374
0,1950-01-01 00:00:00+00:00,13.664655303000153,-14.927362000999864,23.977737
0,1950-01-01 00:00:00+00:00,13.694655303000152,-14.927362000999864,23.990736
0,1950-01-01 00:00:00+00:00,13.724655303000151,-14.927362000999864,23.964737
0,1950-01-01 00:00:00+00:00,13.75465530300015,-14.927362000999864,23.55826
0,1950-01-01 00:00:00+00:00,13.78465530300015,-14.927362000999864,23.550356
0,1950-01-01 00:00:00+00:00,13.454655303000155,-14.897362000999864,23.566025
0,1950-01-01 00:00:00+00:00,13.484655303000157,-14.897362000999864,23.663525
0,1950-01-01 00:00:00+00:00,13.514655303000156,-14.897362000999864,23.702524
0,1950-01-01 00:00:00+00:00,13.544655303000155,-14.897362000999864,23.663525
0,1950-01-01 00:00:00+00:00,13.574655303000156,-14.897362000999864,23.855959
0,1950-01-01 00:00:00+00:00,13.604655303000154,-14.897362000999864,23.60427
0,1950-01-01 00:00:00+00:00,13.634655303000152,-14.897362000999864,23.87077
0,1950-01-01 00:00:00+00:00,13.664655303000153,-14.897362000999864,23.903633
0,1950-01-01 00:00:00+00:00,13.694655303000152,-14.897362000999864,23.903633
0,1950-01-01 00:00:00+00:00,13.724655303000151,-14.897362000999864,23.786633
0,1950-01-01 00:00:00+00:00,13.75465530300015,-14.897362000999864,23.425655
0,1950-01-01 00:00:00+00:00,13.78465530300015,-14.897362000999864,23.475206
0,1950-01-01 00:00:00+00:00,13.454655303000155,-14.86736200099986,23.579025
0,1950-01-01 00:00:00+00:00,13.484655303000157,-14.86736200099986,23.709024
0,1950-01-01 00:00:00+00:00,13.514655303000156,-14.86736200099986,23.761024
0,1950-01-01 00:00:00+00:00,13.544655303000155,-14.86736200099986,23.761024
0,1950-01-01 00:00:00+00:00,13.574655303000156,-14.86736200099986,23.706459
0,1950-01-01 00:00:00+00:00,13.604655303000154,-14.86736200099986,23.610771
0,1950-01-01 00:00:00+00:00,13.634655303000152,-14.86736200099986,23.69527
0,1950-01-01 00:00:00+00:00,13.664655303000153,-14.86736200099986,23.903633
0,1950-01-01 00:00:00+00:00,13.694655303000152,-14.86736200099986,23.721634
0,1950-01-01 00:00:00+00:00,13.724655303000151,-14.86736200099986,23.780132
0,1950-01-01 00:00:00+00:00,13.75465530300015,-14.86736200099986,23.464657
0,1950-01-01 00:00:00+00:00,13.78465530300015,-14.86736200099986,23.468706
0,1950-01-01 00:00:00+00:00,13.454655303000155,-14.83736200099986,23.638407
0,1950-01-01 00:00:00+00:00,13.484655303000157,-14.83736200099986,23.813906
0,1950-01-01 00:00:00+00:00,13.514655303000156,-14.83736200099986,23.878906
0,1950-01-01 00:00:00+00:00,13.544655303000155,-14.83736200099986,23.872406
0,1950-01-01 00:00:00+00:00,13.574655303000156,-14.83736200099986,23.92751
0,1950-01-01 00:00:00+00:00,13.604655303000154,-14.83736200099986,23.73432
0,1950-01-01 00:00:00+00:00,13.634655303000152,-14.83736200099986,23.84482
0,1950-01-01 00:00:00+00:00,13.664655303000153,-14.83736200099986,23.958092
0,1950-01-01 00:00:00+00:00,13.694655303000152,-14.83736200099986,23.78259
0,1950-01-01 00:00:00+00:00,13.724655303000151,-14.83736200099986,23.659092
0,1950-01-01 00:00:00+00:00,13.75465530300015,-14.83736200099986,23.62693
0,1950-01-01 00:00:00+00:00,13.424655303000158,-14.80736200099986,23.664398
0,1950-01-01 00:00:00+00:00,13.454655303000155,-14.80736200099986,23.612406
0,1950-01-01 00:00:00+00:00,13.484655303000157,-14.80736200099986,23.735907
0,1950-01-01 00:00:00+00:00,13.514655303000156,-14.80736200099986,23.703407
0,1950-01-01 00:00:00+00:00,13.544655303000155,-14.80736200099986,23.878906
0,1950-01-01 00:00:00+00:00,13.574655303000156,-14.80736200099986,23.940508
0,1950-01-01 00:00:00+00:00,13.604655303000154,-14.80736200099986,23.71482
0,1950-01-01 00:00:00+00:00,13.634655303000152,-14.80736200099986,23.721321
0,1950-01-01 00:00:00+00:00,13.664655303000153,-14.80736200099986,23.83459
0,1950-01-01 00:00:00+00:00,13.694655303000152,-14.80736200099986,23.841091
0,1950-01-01 00:00:00+00:00,13.724655303000151,-14.80736200099986,23.82809
0,1950-01-01 00:00:00+00:00,13.424655303000158,-14.777362000999858,23.560398
0,1950-01-01 00:00:00+00:00,13.454655303000155,-14.777362000999858,23.605907
0,1950-01-01 00:00:00+00:00,13.484655303000157,-14.777362000999858,23.618906
0,1950-01-01 00:00:00+00:00,13.514655303000156,-14.777362000999858,23.677406
0,1950-01-01 00:00:00+00:00,13.544655303000155,-14.777362000999858,23.898407
0,1950-01-01 00:00:00+00:00,13.574655303000156,-14.777362000999858,23.88201
0,1950-01-01 00:00:00+00:00,13.604655303000154,-14.777362000999858,23.68882
0,1950-01-01 00:00:00+00:00,13.634655303000152,-14.777362000999858,23.70832
0,1950-01-01 00:00:00+00:00,13.394655303000158,-14.747362000999855,23.611233
0,1950-01-01 00:00:00+00:00,13.424655303000158,-14.747362000999855,23.65254
0,1950-01-01 00:00:00+00:00,13.454655303000155,-14.747362000999855,23.73685
0,1950-01-01 00:00:00+00:00,13.484655303000157,-14.747362000999855,23.95785
0,1950-01-01 00:00:00+00:00,13.514655303000156,-14.747362000999855,24.055351
0,1950-01-01 00:00:00+00:00,13.544655303000155,-14.747362000999855,24.00985
0,1950-01-01 00:00:00+00:00,13.574655303000156,-14.747362000999855,23.838968
0,1950-01-01 00:00:00+00:00,13.604655303000154,-14.747362000999855,23.76928
0,1950-01-01 00:00:00+00:00,13.394655303000158,-14.717362000999856,23.582376
0,1950-01-01 00:00:00+00:00,13.424655303000158,-14.717362000999856,23.77135
0,1950-01-01 00:00:00+00:00,13.454655303000155,-14.717362000999856,23.862162
0,1950-01-01 00:00:00+00:00,13.484655303000157,-14.717362000999856,23.907661
0,1950-01-01 00:00:00+00:00,13.514655303000156,-14.717362000999856,24.08316
0,1950-01-01 00:00:00+00:00,13.544655303000155,-14.717362000999856,24.08316
0,1950-01-01 00:00:00+00:00,13.574655303000156,-14.717362000999856,23.78878
0,1950-01-01 00:00:00+00:00,13.604655303000154,-14.717362000999856,23.851095
0,1950-01-01 00:00:00+00:00,13.36465530300016,-14.687362000999856,23.595375
0,1950-01-01 00:00:00+00:00,13.394655303000158,-14.687362000999856,23.608376
0,1950-01-01 00:00:00+00:00,13.424655303000158,-14.687362000999856,23.712852
0,1950-01-01 00:00:00+00:00,13.454655303000155,-14.687362000999856,24.03766
0,1950-01-01 00:00:00+00:00,13.484655303000157,-14.687362000999856,24.07666
0,1950-01-01 00:00:00+00:00,13.514655303000156,-14.687362000999856,24.08966
0,1950-01-01 00:00:00+00:00,13.544655303000155,-14.687362000999856,24.08316
0,1950-01-01 00:00:00+00:00,13.574655303000156,-14.687362000999856,23.808279
0,1950-01-01 00:00:00+00:00,13.604655303000154,-14.687362000999856,23.812096
0,1950-01-01 00:00:00+00:00,13.36465530300016,-14.657362000999854,23.601875
0,1950-01-01 00:00:00+00:00,13.394655303000158,-14.657362000999854,23.653875
0,1950-01-01 00:00:00+00:00,13.424655303000158,-14.657362000999854,23.992352
0,1950-01-01 00:00:00+00:00,13.454655303000155,-14.657362000999854,24.057161
0,1950-01-01 00:00:00+00:00,13.484655303000157,-14.657362000999854,24.063662
0,1950-01-01 00:00:00+00:00,13.514655303000156,-14.657362000999854,23.901161
0,1950-01-01 00:00:00+00:00,13.544655303000155,-14.657362000999854,24.005161
0,1950-01-01 00:00:00+00:00,13.574655303000156,-14.657362000999854,23.899279
0,1950-01-01 00:00:00+00:00,13.604655303000154,-14.657362000999854,23.818596
0,1950-01-01 00:00:00+00:00,13.634655303000152,-14.657362000999854,23.857595
0,1950-01-01 00:00:00+00:00,13.36465530300016,-14.627362000999852,23.70827
0,1950-01-01 00:00:00+00:00,13.394655303000158,-14.627362000999852,23.805769
0,1950-01-01 00:00:00+00:00,13.424655303000158,-14.627362000999852,23.903746
0,1950-01-01 00:00:00+00:00,13.454655303000155,-14.627362000999852,24.160212
0,1950-01-01 00:00:00+00:00,13.484655303000157,-14.627362000999852,24.17971
0,1950-01-01 00:00:00+00:00,13.514655303000156,-14.627362000999852,24.173212
0,1950-01-01 00:00:00+00:00,13.544655303000155,-14.627362000999852,24.173212
0,1950-01-01 00:00:00+00:00,13.574655303000156,-14.627362000999852,23.901577
0,1950-01-01 00:00:00+00:00,13.604655303000154,-14.627362000999852,23.905394
0,1950-01-01 00:00:00+00:00,13.634655303000152,-14.627362000999852,23.937895
0,1950-01-01 00:00:00+00:00,13.36465530300016,-14.597362000999851,23.71477
0,1950-01-01 00:00:00+00:00,13.394655303000158,-14.597362000999851,23.81227
0,1950-01-01 00:00:00+00:00,13.424655303000158,-14.597362000999851,24.079245
0,1950-01-01 00:00:00+00:00,13.454655303000155,-14.597362000999851,24.166712
0,1950-01-01 00:00:00+00:00,13.484655303000157,-14.597362000999851,24.160212
0,1950-01-01 00:00:00+00:00,13.514655303000156,-14.597362000999851,24.114712
0,1950-01-01 00:00:00+00:00,13.544655303000155,-14.597362000999851,24.199211
0,1950-01-01 00:00:00+00:00,13.574655303000156,-14.597362000999851,24.018578
0,1950-01-01 00:00:00+00:00,13.604655303000154,-14.597362000999851,23.905394
0,1950-01-01 00:00:00+00:00,13.634655303000152,-14.597362000999851,24.028894
0,1950-01-01 00:00:00+00:00,13.36465530300016,-14.56736200099985,23.838268
0,1950-01-01 00:00:00+00:00,13.394655303000158,-14.56736200099985,23.71477
0,1950-01-01 00:00:00+00:00,13.424655303000158,-14.56736200099985,23.942745
0,1950-01-01 00:00:00+00:00,13.454655303000155,-14.56736200099985,24.069212
0,1950-01-01 00:00:00+00:00,13.484655303000157,-14.56736200099985,24.199211
0,1950-01-01 00:00:00+00:00,13.514655303000156,-14.56736200099985,24.19271
0,1950-01-01 00:00:00+00:00,13.544655303000155,-14.56736200099985,24.199211
0,1950-01-01 00:00:00+00:00,13.574655303000156,-14.56736200099985,24.096577
0,1950-01-01 00:00:00+00:00,13.604655303000154,-14.56736200099985,23.911894
0,1950-01-01 00:00:00+00:00,13.634655303000152,-14.56736200099985,23.918394
0,1950-01-01 00:00:00+00:00,13.33465530300016,-14.537362000999847,23.777805
0,1950-01-01 00:00:00+00:00,13.36465530300016,-14.537362000999847,23.856398
0,1950-01-01 00:00:00+00:00,13.394655303000158,-14.537362000999847,24.025396
0,1950-01-01 00:00:00+00:00,13.424655303000158,-14.537362000999847,24.110373
0,1950-01-01 00:00:00+00:00,13.454655303000155,-14.537362000999847,24.271545
0,1950-01-01 00:00:00+00:00,13.484655303000157,-14.537362000999847,24.271545
0,1950-01-01 00:00:00+00:00,13.514655303000156,-14.537362000999847,24.154545
0,1950-01-01 00:00:00+00:00,13.544655303000155,-14.537362000999847,24.154545
0,1950-01-01 00:00:00+00:00,13.574655303000156,-14.537362000999847,24.03796
0,1950-01-01 00:00:00+00:00,13.604655303000154,-14.537362000999847,24.048275
0,1950-01-01 00:00:00+00:00,13.634655303000152,-14.537362000999847,24.028776
0,1950-01-01 00:00:00+00:00,13.33465530300016,-14.507362000999848,23.815678
0,1950-01-01 00:00:00+00:00,13.36465530300016,-14.507362000999848,23.99827
0,1950-01-01 00:00:00+00:00,13.394655303000158,-14.507362000999848,24.05027
0,1950-01-01 00:00:00+00:00,13.424655303000158,-14.507362000999848,24.22903
0,1950-01-01 00:00:00+00:00,13.454655303000155,-14.507362000999848,24.240704
0,1950-01-01 00:00:00+00:00,13.484655303000157,-14.507362000999848,24.117203
0,1950-01-01 00:00:00+00:00,13.514655303000156,-14.507362000999848,23.993704
0,1950-01-01 00:00:00+00:00,13.544655303000155,-14.507362000999848,23.987204
0,1950-01-01 00:00:00+00:00,13.574655303000156,-14.507362000999848,24.020117
0,1950-01-01 00:00:00+00:00,13.604655303000154,-14.507362000999848,24.042175
0,1950-01-01 00:00:00+00:00,13.30465530300016,-14.477362000999848,23.666178
0,1950-01-01 00:00:00+00:00,13.33465530300016,-14.477362000999848,23.861177
0,1950-01-01 00:00:00+00:00,13.36465530300016,-14.477362000999848,24.02427
0,1950-01-01 00:00:00+00:00,13.394655303000158,-14.477362000999848,24.04377
0,1950-01-01 00:00:00+00:00,13.424655303000158,-14.477362000999848,24.164032
0,1950-01-01 00:00:00+00:00,13.454655303000155,-14.477362000999848,24.175703
0,1950-01-01 00:00:00+00:00,13.484655303000157,-14.477362000999848,24.266703
0,1950-01-01 00:00:00+00:00,13.514655303000156,-14.477362000999848,24.182203
0,1950-01-01 00:00:00+00:00,13.544655303000155,-14.477362000999848,24.117203
0,1950-01-01 00:00:00+00:00,13.574655303000156,-14.477362000999848,24.020117
0,1950-01-01 00:00:00+00:00,13.30465530300016,-14.447362000999846,23.973997
0,1950-01-01 00:00:00+00:00,13.33465530300016,-14.447362000999846,23.993498
0,1950-01-01 00:00:00+00:00,13.36465530300016,-14.447362000999846,23.953268
0,1950-01-01 00:00:00+00:00,13.394655303000158,-14.447362000999846,24.102768
0,1950-01-01 00:00:00+00:00,13.424655303000158,-14.447362000999846,24.02803
0,1950-01-01 00:00:00+00:00,13.454655303000155,-14.447362000999846,24.149815
0,1950-01-01 00:00:00+00:00,13.484655303000157,-14.447362000999846,24.162813
0,1950-01-01 00:00:00+00:00,13.514655303000156,-14.447362000999846,24.286314
0,1950-01-01 00:00:00+00:00,13.27465530300016,-14.417362000999844,23.772497
0,1950-01-01 00:00:00+00:00,13.30465530300016,-14.417362000999844,23.804996
0,1950-01-01 00:00:00+00:00,13.33465530300016,-14.417362000999844,23.921997
0,1950-01-01 00:00:00+00:00,13.36465530300016,-14.417362000999844,24.08327
0,1950-01-01 00:00:00+00:00,13.394655303000158,-14.417362000999844,24.102768
0,1950-01-01 00:00:00+00:00,13.424655303000158,-14.417362000999844,24.01503
0,1950-01-01 00:00:00+00:00,13.454655303000155,-14.417362000999844,24.143314
0,1950-01-01 00:00:00+00:00,13.484655303000157,-14.417362000999844,24.084814
0,1950-01-01 00:00:00+00:00,13.244655303000162,-14.387362000999843,23.8416
0,1950-01-01 00:00:00+00:00,13.27465530300016,-14.387362000999843,23.869997
0,1950-01-01 00:00:00+00:00,13.30465530300016,-14.387362000999843,24.019497
0,1950-01-01 00:00:00+00:00,13.33465530300016,-14.387362000999843,24.012997
0,1950-01-01 00:00:00+00:00,13.36465530300016,-14.387362000999843,24.102768
0,1950-01-01 00:00:00+00:00,13.394655303000158,-14.387362000999843,23.94027
0,1950-01-01 00:00:00+00:00,13.424655303000158,-14.387362000999843,24.02803
0,1950-01-01 00:00:00+00:00,13.454655303000155,-14.387362000999843,24.071814
0,1950-01-01 00:00:00+00:00,13.484655303000157,-14.387362000999843,24.149815
0,1950-01-01 00:00:00+00:00,13.244655303000162,-14.357362000999842,23.718102
0,1950-01-01 00:00:00+00:00,13.27465530300016,-14.357362000999842,23.804996
0,1950-01-01 00:00:00+00:00,13.30465530300016,-14.357362000999842,24.038998
0,1950-01-01 00:00:00+00:00,13.33465530300016,-14.357362000999842,24.071497
0,1950-01-01 00:00:00+00:00,13.36465530300016,-14.357362000999842,24.024769
0,1950-01-01 00:00:00+00:00,13.394655303000158,-14.357362000999842,23.83627
0,1950-01-01 00:00:00+00:00,13.424655303000158,-14.357362000999842,24.03453
0,1950-01-01 00:00:00+00:00,13.454655303000155,-14.357362000999842,24.058815
0,1950-01-01 00:00:00+00:00,13.244655303000162,-14.32736200099984,23.837503
0,1950-01-01 00:00:00+00:00,13.27465530300016,-14.32736200099984,24.03106
0,1950-01-01 00:00:00+00:00,13.30465530300016,-14.32736200099984,24.01156
0,1950-01-01 00:00:00+00:00,13.33465530300016,-14.32736200099984,24.20006
0,1950-01-01 00:00:00+00:00,13.36465530300016,-14.32736200099984,24.087234
0,1950-01-01 00:00:00+00:00,13.394655303000158,-14.32736200099984,23.970234
0,1950-01-01 00:00:00+00:00,13.424655303000158,-14.32736200099984,24.12546
0,1950-01-01 00:00:00+00:00,13.454655303000155,-14.32736200099984,24.16806
0,1950-01-01 00:00:00+00:00,13.244655303000162,-14.29736200099984,23.863504
0,1950-01-01 00:00:00+00:00,13.27465530300016,-14.29736200099984,24.122059
0,1950-01-01 00:00:00+00:00,13.30465530300016,-14.29736200099984,23.94656
0,1950-01-01 00:00:00+00:00,13.33465530300016,-14.29736200099984,24.174059
0,1950-01-01 00:00:00+00:00,13.36465530300016,-14.29736200099984,24.139235
0,1950-01-01 00:00:00+00:00,13.394655303000158,-14.29736200099984,24.087234
0,1950-01-01 00:00:00+00:00,13.424655303000158,-14.29736200099984,24.17746
0,1950-01-01 00:00:00+00:00,13.454655303000155,-14.29736200099984,24.12906
0,1950-01-01 00:00:00+00:00,13.244655303000162,-14.26736200099984,23.948004
0,1950-01-01 00:00:00+00:00,13.27465530300016,-14.26736200099984,23.95956
0,1950-01-01 00:00:00+00:00,13.30465530300016,-14.26736200099984,23.96606
0,1950-01-01 00:00:00+00:00,13.33465530300016,-14.26736200099984,23.99856
0,1950-01-01 00:00:00+00:00,13.36465530300016,-14.26736200099984,24.210733
0,1950-01-01 00:00:00+00:00,13.394655303000158,-14.26736200099984,24.204233
0,1950-01-01 00:00:00+00:00,13.424655303000158,-14.26736200099984,24.151459
0,1950-01-01 00:00:00+00:00,13.454655303000155,-14.26736200099984,24.09656
0,1950-01-01 00:00:00+00:00,13.244655303000162,-14.237362000999838,23.892925
0,1950-01-01 00:00:00+00:00,13.27465530300016,-14.237362000999838,23.96472
0,1950-01-01 00:00:00+00:00,13.30465530300016,-14.237362000999838,24.01022
0,1950-01-01 00:00:00+00:00,13.33465530300016,-14.237362000999838,24.231218
0,1950-01-01 00:00:00+00:00,13.36465530300016,-14.237362000999838,24.290401
0,1950-01-01 00:00:00+00:00,13.394655303000158,-14.237362000999838,24.1669
0,1950-01-01 00:00:00+00:00,13.424655303000158,-14.237362000999838,24.341627
0,1950-01-01 00:00:00+00:00,13.454655303000155,-14.237362000999838,24.337643
0,1950-01-01 00:00:00+00:00,13.244655303000162,-14.207362000999836,23.938425
0,1950-01-01 00:00:00+00:00,13.27465530300016,-14.207362000999836,23.96472
0,1950-01-01 00:00:00+00:00,13.30465530300016,-14.207362000999836,24.185719
0,1950-01-01 00:00:00+00:00,13.33465530300016,-14.207362000999836,24.231218
0,1950-01-01 00:00:00+00:00,13.36465530300016,-14.207362000999836,24.2254
0,1950-01-01 00:00:00+00:00,13.394655303000158,-14.207362000999836,24.0694
0,1950-01-01 00:00:00+00:00,13.424655303000158,-14.207362000999836,24.244127
0,1950-01-01 00:00:00+00:00,13.454655303000155,-14.207362000999836,24.149143
0,1950-01-01 00:00:00+00:00,13.484655303000157,-14.207362000999836,24.207644
0,1950-01-01 00:00:00+00:00,13.244655303000162,-14.177362000999835,23.931925
0,1950-01-01 00:00:00+00:00,13.27465530300016,-14.177362000999835,24.081718
0,1950-01-01 00:00:00+00:00,13.30465530300016,-14.177362000999835,24.172718
0,1950-01-01 00:00:00+00:00,13.33465530300016,-14.177362000999835,24.179218
0,1950-01-01 00:00:00+00:00,13.36465530300016,-14.177362000999835,24.283901
0,1950-01-01 00:00:00+00:00,13.394655303000158,-14.177362000999835,24.296902
0,1950-01-01 00:00:00+00:00,13.424655303000158,-14.177362000999835,24.172626
0,1950-01-01 00:00:00+00:00,13.454655303000155,-14.177362000999835,24.168644
0,1950-01-01 00:00:00+00:00,13.484655303000157,-14.177362000999835,24.149143
0,1950-01-01 00:00:00+00:00,13.514655303000156,-14.177362000999835,24.149143
0,1950-01-01 00:00:00+00:00,13.244655303000162,-14.147362000999834,24.066122
0,1950-01-01 00:00:00+00:00,13.27465530300016,-14.147362000999834,24.117723
0,1950-01-01 00:00:00+00:00,13.30465530300016,-14.147362000999834,24.241224
0,1950-01-01 00:00:00+00:00,13.33465530300016,-14.147362000999834,24.078724
0,1950-01-01 00:00:00+00:00,13.36465530300016,-14.147362000999834,24.354486
0,1950-01-01 00:00:00+00:00,13.394655303000158,-14.147362000999834,24.399986
0,1950-01-01 00:00:00+00:00,13.424655303000158,-14.147362000999834,24.521135
0,1950-01-01 00:00:00+00:00,13.454655303000155,-14.147362000999834,24.299107
0,1950-01-01 00:00:00+00:00,13.484655303000157,-14.147362000999834,24.318607
0,1950-01-01 00:00:00+00:00,13.514655303000156,-14.147362000999834,24.273108
0,1950-01-01 00:00:00+00:00,13.244655303000162,-14.117362000999831,24.040123
0,1950-01-01 00:00:00+00:00,13.30465530300016,-14.117362000999831,24.085224
0,1950-01-01 00:00:00+00:00,13.33465530300016,-14.117362000999831,24.215223
0,1950-01-01 00:00:00+00:00,13.36465530300016,-14.117362000999831,24.393486
0,1950-01-01 00:00:00+00:00,13.394655303000158,-14.117362000999831,24.341486
0,1950-01-01 00:00:00+00:00,13.424655303000158,-14.117362000999831,24.508135
0,1950-01-01 00:00:00+00:00,13.454655303000155,-14.117362000999831,24.403107
0,1950-01-01 00:00:00+00:00,13.484655303000157,-14.117362000999831,24.481108
0,1950-01-01 00:00:00+00:00,13.514655303000156,-14.117362000999831,24.370607
0,1950-01-01 00:00:00+00:00,13.544655303000155,-14.117362000999831,24.292606
0,1950-01-01 00:00:00+00:00,13.30465530300016,-14.087362000999832,24.059223
0,1950-01-01 00:00:00+00:00,13.33465530300016,-14.087362000999832,24.182724
0,1950-01-01 00:00:00+00:00,13.36465530300016,-14.087362000999832,24.406487
0,1950-01-01 00:00:00+00:00,13.394655303000158,-14.087362000999832,24.328485
0,1950-01-01 00:00:00+00:00,13.424655303000158,-14.087362000999832,24.560135
0,1950-01-01 00:00:00+00:00,13.454655303000155,-14.087362000999832,24.565607
0,1950-01-01 00:00:00+00:00,13.484655303000157,-14.087362000999832,24.331608
0,1950-01-01 00:00:00+00:00,13.514655303000156,-14.087362000999832,24.318607
0,1950-01-01 00:00:00+00:00,13.544655303000155,-14.087362000999832,24.266607
0,1950-01-01 00:00:00+00:00,13.30465530300016,-14.05736200099983,24.046225
0,1950-01-01 00:00:00+00:00,13.33465530300016,-14.05736200099983,24.059223
0,1950-01-01 00:00:00+00:00,13.36465530300016,-14.05736200099983,24.276485
0,1950-01-01 00:00:00+00:00,13.394655303000158,-14.05736200099983,24.237486
0,1950-01-01 00:00:00+00:00,13.424655303000158,-14.05736200099983,24.540636
0,1950-01-01 00:00:00+00:00,13.454655303000155,-14.05736200099983,24.468107
0,1950-01-01 00:00:00+00:00,13.484655303000157,-14.05736200099983,24.461607
0,1950-01-01 00:00:00+00:00,13.514655303000156,-14.05736200099983,24.286106
0,1950-01-01 00:00:00+00:00,13.544655303000155,-14.05736200099983,24.286106
0,1950-01-01 00:00:00+00:00,13.30465530300016,-14.02736200099983,24.152386
0,1950-01-01 00:00:00+00:00,13.33465530300016,-14.02736200099983,24.295385
0,1950-01-01 00:00:00+00:00,13.36465530300016,-14.02736200099983,24.343584
0,1950-01-01 00:00:00+00:00,13.394655303000158,-14.02736200099983,24.415085
0,1950-01-01 00:00:00+00:00,13.424655303000158,-14.02736200099983,24.523235
0,1950-01-01 00:00:00+00:00,13.454655303000155,-14.02736200099983,24.352629
0,1950-01-01 00:00:00+00:00,13.484655303000157,-14.02736200099983,24.541128
0,1950-01-01 00:00:00+00:00,13.514655303000156,-14.02736200099983,24.489128
0,1950-01-01 00:00:00+00:00,13.544655303000155,-14.02736200099983,24.398129
0,1950-01-01 00:00:00+00:00,13.30465530300016,-13.997362000999829,24.132885
0,1950-01-01 00:00:00+00:00,13.33465530300016,-13.997362000999829,24.158886
0,1950-01-01 00:00:00+00:00,13.36465530300016,-13.997362000999829,24.317585
0,1950-01-01 00:00:00+00:00,13.394655303000158,-13.997362000999829,24.460585
0,1950-01-01 00:00:00+00:00,13.424655303000158,-13.997362000999829,24.614235
0,1950-01-01 00:00:00+00:00,13.454655303000155,-13.997362000999829,24.645128
0,1950-01-01 00:00:00+00:00,13.484655303000157,-13.997362000999829,24.36563
0,1950-01-01 00:00:00+00:00,13.514655303000156,-13.997362000999829,24.38513
0,1950-01-01 00:00:00+00:00,13.544655303000155,-13.997362000999829,24.359129
0,1950-01-01 00:00:00+00:00,13.33465530300016,-13.967362000999827,24.299799
0,1950-01-01 00:00:00+00:00,13.36465530300016,-13.967362000999827,24.529999
0,1950-01-01 00:00:00+00:00,13.394655303000158,-13.967362000999827,24.581999
0,1950-01-01 00:00:00+00:00,13.424655303000158,-13.967362000999827,24.698902
0,1950-01-01 00:00:00+00:00,13.454655303000155,-13.967362000999827,24.755796
0,1950-01-01 00:00:00+00:00,13.484655303000157,-13.967362000999827,24.560797
0,1950-01-01 00:00:00+00:00,13.514655303000156,-13.967362000999827,24.482796
0,1950-01-01 00:00:00+00:00,13.544655303000155,-13.967362000999827,24.502296
0,1950-01-01 00:00:00+00:00,13.574655303000156,-13.967362000999827,24.550634
0,1950-01-01 00:00:00+00:00,13.33465530300016,-13.937362000999826,24.589958
0,1950-01-01 00:00:00+00:00,13.36465530300016,-13.937362000999826,24.449259
0,1950-01-01 00:00:00+00:00,13.394655303000158,-13.937362000999826,24.62476
0,1950-01-01 00:00:00+00:00,13.424655303000158,-13.937362000999826,24.715664
0,1950-01-01 00:00:00+00:00,13.454655303000155,-13.937362000999826,24.840317
0,1950-01-01 00:00:00+00:00,13.484655303000157,-13.937362000999826,24.671316
0,1950-01-01 00:00:00+00:00,13.514655303000156,-13.937362000999826,24.632317
0,1950-01-01 00:00:00+00:00,13.544655303000155,-13.937362000999826,24.586817
0,1950-01-01 00:00:00+00:00,13.33465530300016,-13.907362000999823,24.420958
0,1950-01-01 00:00:00+00:00,13.36465530300016,-13.907362000999823,24.35826
0,1950-01-01 00:00:00+00:00,13.394655303000158,-13.907362000999823,24.46226
0,1950-01-01 00:00:00+00:00,13.424655303000158,-13.907362000999823,24.780663
0,1950-01-01 00:00:00+00:00,13.454655303000155,-13.907362000999823,24.762316
0,1950-01-01 00:00:00+00:00,13.484655303000157,-13.907362000999823,24.762316
0,1950-01-01 00:00:00+00:00,13.514655303000156,-13.907362000999823,24.827316
0,1950-01-01 00:00:00+00:00,13.544655303000155,-13.907362000999823,24.820816
0,1950-01-01 00:00:00+00:00,13.33465530300016,-13.877362000999824,24.414457
0,1950-01-01 00:00:00+00:00,13.36465530300016,-13.877362000999824,24.35826
0,1950-01-01 00:00:00+00:00,13.394655303000158,-13.877362000999824,24.488258
0,1950-01-01 00:00:00+00:00,13.424655303000158,-13.877362000999824,24.800163
0,1950-01-01 00:00:00+00:00,13.454655303000155,-13.877362000999824,24.866316
0,1950-01-01 00:00:00+00:00,13.484655303000157,-13.877362000999824,24.872816
0,1950-01-01 00:00:00+00:00,13.514655303000156,-13.877362000999824,24.846817
0,1950-01-01 00:00:00+00:00,13.33465530300016,-13.847362000999825,24.493093
0,1950-01-01 00:00:00+00:00,13.36465530300016,-13.847362000999825,24.571667
0,1950-01-01 00:00:00+00:00,13.394655303000158,-13.847362000999825,24.610666
0,1950-01-01 00:00:00+00:00,13.424655303000158,-13.847362000999825,24.87057
0,1950-01-01 00:00:00+00:00,13.454655303000155,-13.847362000999825,24.66026
0,1950-01-01 00:00:00+00:00,13.484655303000157,-13.847362000999825,24.848759
0,1950-01-01 00:00:00+00:00,13.36465530300016,-13.817362000999822,24.506666
0,1950-01-01 00:00:00+00:00,13.394655303000158,-13.817362000999822,24.513166
0,1950-01-01 00:00:00+00:00,13.424655303000158,-13.817362000999822,24.67557
0,1950-01-01 00:00:00+00:00,13.454655303000155,-13.817362000999822,24.829258
